topic,question,answer
"Software & OS (Windows, Linux, macOS)",How do I check the Windows version I'm using?,"Press the Windows key + R, type 'winver', and press Enter. A dialog box will appear showing your Windows version and build number. Alternatively, go to Settings > System > About to see more detailed information."
"Software & OS (Windows, Linux, macOS)",How do I update Windows 10?,"Go to Settings > Update & Security > Windows Update, then click 'Check for updates'. Windows will download and install any available updates. It's recommended to restart your PC after updates are installed to apply them fully."
"Software & OS (Windows, Linux, macOS)",How do I factory reset Windows 10?,"Go to Settings > Update & Security > Recovery. Under 'Reset this PC', click 'Get started' and choose whether to keep your files or remove everything. Follow the on-screen instructions to complete the reset."
"Software & OS (Windows, Linux, macOS)",How do I uninstall a program in Windows?,"Open Settings > Apps > Apps & Features, find the program in the list, click on it, and select 'Uninstall'. Alternatively, right-click the Start button and choose 'Apps and Features'. Some programs may require you to run their own uninstaller."
"Software & OS (Windows, Linux, macOS)",How do I take a screenshot in Windows?,"Press the Print Screen (PrtScn) key to copy the entire screen to clipboard, then paste it into an image editor. Press Windows + Print Screen to save a screenshot directly to the Screenshots folder in Pictures. Press Windows + Shift + S to open Snip & Sketch for a custom selection."
"Software & OS (Windows, Linux, macOS)",How do I enable dark mode in Windows 10?,"Go to Settings > Personalization > Colors. Under 'Choose your color', select 'Dark'. This changes Windows, apps, and the taskbar to dark mode. Some apps may have their own separate dark mode settings."
"Software & OS (Windows, Linux, macOS)",How do I manage startup programs in Windows?,"Press Ctrl + Shift + Esc to open Task Manager, then click the 'Startup' tab. Here you can see all programs that launch at startup and disable any you don't need. Disabling unnecessary startup programs can significantly improve boot time."
"Software & OS (Windows, Linux, macOS)",How do I format a USB drive in Windows?,"Right-click the USB drive in File Explorer and select 'Format'. Choose the file system (NTFS for large files, FAT32 for compatibility), give it a name, and click 'Start'. Be aware that formatting erases all data on the drive."
"Software & OS (Windows, Linux, macOS)",How do I map a network drive in Windows?,"Open File Explorer, click 'This PC', then select 'Map network drive' from the Computer tab. Choose a drive letter, enter the folder path (e.g., \\server\share), and check 'Reconnect at sign-in' if you want it to persist. Click Finish and enter credentials if prompted."
"Software & OS (Windows, Linux, macOS)",How do I enable Remote Desktop on Windows 10?,"Go to Settings > System > Remote Desktop and toggle 'Enable Remote Desktop' to On. Note that Remote Desktop is only available on Windows 10 Pro, Enterprise, or Education editions. You'll need the PC's IP address or name to connect remotely."
"Software & OS (Windows, Linux, macOS)",How do I change the default browser in Windows?,Go to Settings > Apps > Default Apps. Scroll down to 'Web browser' and click on the current browser shown. A list of installed browsers will appear — select your preferred one. You can also set defaults per file type or protocol from the same page.
"Software & OS (Windows, Linux, macOS)",What is the difference between 32-bit and 64-bit Windows?,"64-bit Windows can use more than 4 GB of RAM and run both 32-bit and 64-bit applications, while 32-bit Windows is limited to about 4 GB of RAM. Most modern computers and software are 64-bit. You can check your system type in Settings > System > About."
"Software & OS (Windows, Linux, macOS)",How do I access the Windows Registry?,"Press Windows + R, type 'regedit', and press Enter. The Registry Editor will open, giving access to system configuration settings. Be very careful when editing the registry — incorrect changes can cause system instability or prevent Windows from booting."
"Software & OS (Windows, Linux, macOS)",How do I check disk health in Windows?,"Open Command Prompt as administrator and type 'wmic diskdrive get status'. You can also use 'chkdsk C: /f /r' to scan and repair disk errors. For a more detailed view, third-party tools like CrystalDiskInfo show S.M.A.R.T. data and overall drive health."
"Software & OS (Windows, Linux, macOS)",How do I change the screen resolution in Windows?,Right-click on the desktop and select 'Display settings'. Scroll to 'Display resolution' and choose your preferred resolution from the dropdown. The recommended resolution for your monitor is usually labeled — click 'Keep changes' to confirm.
"Software & OS (Windows, Linux, macOS)",How do I create a local user account in Windows 10?,"Go to Settings > Accounts > Family & other users. Click 'Add someone else to this PC', then select 'I don't have this person's sign-in information', followed by 'Add a user without a Microsoft account'. Enter a username and password to complete setup."
"Software & OS (Windows, Linux, macOS)",How do I speed up a slow Windows computer?,"Disable unnecessary startup programs via Task Manager > Startup tab. Run Disk Cleanup to remove temporary files, and check for malware using Windows Defender. Upgrading to an SSD or adding more RAM will have the most significant performance impact."
"Software & OS (Windows, Linux, macOS)",How do I recover deleted files in Windows?,"Check the Recycle Bin first — if the file is there, right-click and select 'Restore'. If it's been emptied, try the 'Previous Versions' feature by right-clicking the folder. Third-party tools like Recuva can often recover files even after the Recycle Bin has been emptied."
"Software & OS (Windows, Linux, macOS)",What is Windows Defender and how do I use it?,"Windows Defender is Microsoft's built-in antivirus and antimalware tool. Access it via Settings > Update & Security > Windows Security. It runs automatically in the background but you can run manual scans, view threat history, and manage firewall settings from the dashboard."
"Software & OS (Windows, Linux, macOS)",How do I change the date and time in Windows?,"Right-click the clock in the taskbar and select 'Adjust date/time'. You can toggle 'Set time automatically' on or off, and manually set the date and time if needed. Make sure the correct time zone is selected to keep your clock accurate."
"Software & OS (Windows, Linux, macOS)",How do I install Linux alongside Windows (dual boot)?,"Create a bootable USB with your Linux distribution using a tool like Rufus. Shrink your Windows partition in Disk Management to make space, then boot from the USB and run the Linux installer. When prompted, choose 'Install alongside Windows' and the installer will handle the bootloader setup."
"Software & OS (Windows, Linux, macOS)",How do I update software on Ubuntu Linux?,"Open a terminal and run 'sudo apt update' to refresh the package list, then 'sudo apt upgrade' to install available updates. You can also use the Software Updater graphical tool. Running 'sudo apt full-upgrade' handles dependency changes as well."
"Software & OS (Windows, Linux, macOS)",How do I check disk usage in Linux?,"Run 'df -h' in the terminal to see disk space usage for all mounted filesystems in a human-readable format. To see the size of specific directories, use 'du -sh /path/to/directory'. The 'ncdu' tool provides an interactive disk usage viewer."
"Software & OS (Windows, Linux, macOS)",How do I create a new user in Linux?,"Use the command 'sudo adduser username' in the terminal and follow the prompts to set a password and user details. To give the user sudo (administrator) privileges, run 'sudo usermod -aG sudo username'. Verify the user was created with 'cat /etc/passwd'."
"Software & OS (Windows, Linux, macOS)",How do I check running processes in Linux?,"Run 'ps aux' to see all running processes, or use 'top' for a real-time interactive view. The 'htop' command (install with sudo apt install htop) provides a more user-friendly interface with color coding and easy process management."
"Software & OS (Windows, Linux, macOS)",How do I change file permissions in Linux?,"Use the 'chmod' command followed by a permission code and filename, e.g., 'chmod 755 script.sh'. The digits represent owner, group, and others permissions (4=read, 2=write, 1=execute). You can also use symbolic notation like 'chmod u+x file' to add execute permission for the owner."
"Software & OS (Windows, Linux, macOS)",How do I install software on Linux using the terminal?,"For Debian/Ubuntu-based systems, use 'sudo apt install packagename'. For Red Hat/Fedora systems, use 'sudo dnf install packagename'. Always run 'sudo apt update' first to refresh the package index before installing new software."
"Software & OS (Windows, Linux, macOS)",How do I view hidden files in Linux?,"In the terminal, use 'ls -a' to list all files including hidden ones (those starting with a dot). In most graphical file managers, press Ctrl + H to toggle the display of hidden files. Hidden configuration files are typically found in your home directory."
"Software & OS (Windows, Linux, macOS)",How do I schedule tasks in Linux using cron?,"Edit the cron table with 'crontab -e' and add a line with the schedule and command. The format is: minute hour day month weekday command. For example, '0 2 * * * /path/to/script.sh' runs a script at 2 AM every day. Use 'crontab -l' to list existing cron jobs."
"Software & OS (Windows, Linux, macOS)",How do I check system logs in Linux?,"Use 'journalctl' to view systemd logs, or check '/var/log/' directory for log files. 'journalctl -u servicename' shows logs for a specific service, and 'journalctl -f' follows new log entries in real time. For older syslog-based systems, check '/var/log/syslog'."
"Software & OS (Windows, Linux, macOS)",How do I find a file in Linux using the terminal?,"Use the 'find' command: 'find /path -name filename'. For example, 'find / -name myfile.txt' searches the entire filesystem. The 'locate' command is faster but requires an up-to-date database — run 'sudo updatedb' first. Use 'grep -r text /path' to search file contents."
"Software & OS (Windows, Linux, macOS)",How do I compress and extract files in Linux?,"To create a tar.gz archive: 'tar -czvf archive.tar.gz foldername'. To extract: 'tar -xzvf archive.tar.gz'. For zip files, use 'zip -r archive.zip folder' and 'unzip archive.zip'. The '-v' flag shows verbose output during the operation."
"Software & OS (Windows, Linux, macOS)",How do I check my macOS version?,Click the Apple menu in the top-left corner and select 'About This Mac'. The macOS version and build number are displayed prominently. You can also run 'sw_vers' in Terminal for version details from the command line.
"Software & OS (Windows, Linux, macOS)",How do I update macOS?,Go to System Preferences (or System Settings on macOS Ventura and later) and click 'Software Update'. macOS will check for and display available updates. It's recommended to back up your Mac with Time Machine before a major OS update.
"Software & OS (Windows, Linux, macOS)",How do I take a screenshot on a Mac?,Press Command + Shift + 3 to capture the entire screen. Press Command + Shift + 4 to draw a selection area. Press Command + Shift + 5 to open the screenshot toolbar with more options including screen recording. Screenshots are saved to the Desktop by default.
"Software & OS (Windows, Linux, macOS)",How do I force quit an application on Mac?,"Press Command + Option + Esc to open the Force Quit Applications window, select the unresponsive app, and click 'Force Quit'. You can also right-click (or Ctrl-click) the app's icon in the Dock and hold Option to change 'Quit' to 'Force Quit'."
"Software & OS (Windows, Linux, macOS)",How do I clear cache on macOS?,"In the Finder, press Command + Shift + G and go to ~/Library/Caches. Delete the contents of this folder to clear application caches. For browser caches, use the browser's own settings. Tools like CleanMyMac or OnyX can automate this process more safely."
"Software & OS (Windows, Linux, macOS)",How do I install apps on a Mac?,"Download apps from the Mac App Store by clicking 'Get' or 'Buy'. For apps outside the App Store, download the .dmg file, open it, and drag the app to the Applications folder. You may need to allow apps from identified developers in System Preferences > Security & Privacy."
"Software & OS (Windows, Linux, macOS)",How do I enable FileVault disk encryption on Mac?,Go to System Preferences > Security & Privacy > FileVault and click 'Turn On FileVault'. You'll be prompted to choose a recovery method — either through your iCloud account or a recovery key. Encryption happens in the background and may take several hours to complete.
"Software & OS (Windows, Linux, macOS)",How do I use Time Machine for backups on Mac?,"Connect an external drive, go to System Preferences > Time Machine, and click 'Select Backup Disk'. Choose your external drive and Time Machine will automatically back up your Mac hourly, daily, and weekly. Keep the backup drive connected regularly for continuous protection."
"Software & OS (Windows, Linux, macOS)",How do I reset the NVRAM on a Mac?,"Shut down your Mac and turn it on while holding Command + Option + P + R for about 20 seconds until you hear the startup sound twice (on older Macs) or see the Apple logo appear and disappear twice. NVRAM stores settings like sound volume, display resolution, and startup disk selection."
"Software & OS (Windows, Linux, macOS)",What is Homebrew and how do I install it on macOS?,Homebrew is a package manager for macOS that makes it easy to install developer tools and command-line software. Install it by running the command from brew.sh in Terminal: /bin/bash -c '$(curl -fsSL https://raw.githubusercontent.com/Homebrew/install/HEAD/install.sh)'. Then use 'brew install packagename' to install software.
"Software & OS (Windows, Linux, macOS)",How do I set up SSH key authentication?,Generate a key pair with 'ssh-keygen -t ed25519' and follow the prompts. Copy the public key to the server with 'ssh-copy-id user@server'. SSH will then use your private key instead of a password. Store your private key securely and never share it.
"Software & OS (Windows, Linux, macOS)",What is the difference between a process and a thread?,"A process is an independent program running in its own memory space, while a thread is a unit of execution within a process that shares the process's memory. Multiple threads in one process can run concurrently, making multithreaded applications faster. Processes are isolated from each other for security and stability."
"Software & OS (Windows, Linux, macOS)",How do I set environment variables in Windows?,"Right-click 'This PC', select Properties, then 'Advanced system settings' > 'Environment Variables'. You can add user or system-wide variables there. Alternatively, set a temporary variable in Command Prompt with 'set VARNAME=value', or permanently via PowerShell with '[System.Environment]::SetEnvironmentVariable'."
"Software & OS (Windows, Linux, macOS)",How do I set environment variables in Linux or macOS?,"Add 'export VARNAME=value' to your shell profile file (~/.bashrc for Bash, ~/.zshrc for Zsh) to make it permanent. Run 'source ~/.bashrc' to apply changes immediately. Use 'echo $VARNAME' to verify the variable is set, or 'printenv' to list all environment variables."
"Software & OS (Windows, Linux, macOS)",What is a virtual machine and how do I create one?,"A virtual machine (VM) is a software emulation of a computer that runs inside your actual computer. Use tools like VirtualBox or VMware to create one — download the software, create a new VM, allocate CPU and RAM, attach an OS ISO file, and install the OS as you would on a real machine."
"Software & OS (Windows, Linux, macOS)",How do I transfer files between Windows and Linux?,"Use SCP (Secure Copy Protocol) from the command line: 'scp file user@linuxhost:/path'. On Windows, WinSCP or FileZilla provide graphical interfaces for SFTP transfers. Samba shares can also be set up to make Linux folders accessible as Windows network drives."
"Software & OS (Windows, Linux, macOS)",What is WSL (Windows Subsystem for Linux) and how do I enable it?,"WSL lets you run a Linux environment directly on Windows without a VM. Enable it by running 'wsl --install' in PowerShell as administrator, which installs WSL2 and Ubuntu by default. After a restart, open the Ubuntu app to set up your Linux username and password."
"Software & OS (Windows, Linux, macOS)",How do I partition a hard drive in Windows?,"Right-click the Start button and open 'Disk Management'. Right-click an existing partition and select 'Shrink Volume' to free up space, then right-click the unallocated space and choose 'New Simple Volume'. Follow the wizard to assign a drive letter and format the partition."
"Software & OS (Windows, Linux, macOS)",How do I check CPU and RAM usage in Windows?,"Press Ctrl + Shift + Esc to open Task Manager and click the 'Performance' tab. This shows real-time graphs for CPU, memory, disk, and network usage. For more detailed monitoring, use Resource Monitor (search in Start menu) or the Performance Monitor tool."
Hardware & Peripherals,What is the difference between HDD and SSD?,"An HDD (Hard Disk Drive) uses spinning magnetic platters to store data and is slower but cheaper per gigabyte. An SSD (Solid State Drive) uses flash memory, has no moving parts, and is significantly faster, more durable, and quieter. For most users, an SSD as the primary drive greatly improves system responsiveness."
Hardware & Peripherals,How do I install RAM in a desktop PC?,"Power off and unplug the PC, then open the case. Locate the RAM slots on the motherboard, press down the retention clips, and align the RAM stick with the slot notch. Press firmly until the clips click into place. Ensure you install RAM in matched pairs in the correct slots as shown in the motherboard manual."
Hardware & Peripherals,How do I check if my RAM is faulty?,"Run the Windows Memory Diagnostic tool by searching for it in the Start menu — it will test your RAM on next restart. Alternatively, use MemTest86, a bootable tool that performs thorough memory testing. Common symptoms of faulty RAM include random crashes, BSODs, and system instability."
Hardware & Peripherals,How do I clean my computer keyboard?,"Turn the keyboard upside down and shake gently to dislodge debris. Use compressed air to blow out dust between the keys. For sticky keys, use a cotton swab lightly dampened with isopropyl alcohol. For a deep clean, keycaps can be removed on mechanical keyboards and soaked in warm soapy water."
Hardware & Peripherals,What causes a computer to overheat and how do I fix it?,"Overheating is usually caused by dust buildup blocking airflow, a failing or inadequate cooling fan, or dried thermal paste on the CPU. Clean the inside of the PC with compressed air, ensure all case fans are working, and consider reapplying thermal paste to the CPU if the system is several years old."
Hardware & Peripherals,How do I replace a laptop battery?,"Check your laptop model and order a compatible replacement battery. For most modern laptops, power off the device, remove the bottom panel screws, disconnect the old battery connector from the motherboard, and swap in the new battery. Some laptops have glued batteries that require more care and specialized tools."
Hardware & Peripherals,How do I connect multiple monitors to a PC?,"Check what video outputs your graphics card or motherboard has (HDMI, DisplayPort, DVI, VGA). Connect each monitor using the appropriate cable. Right-click the desktop in Windows, select 'Display settings', and configure the layout, resolution, and orientation of each screen."
Hardware & Peripherals,What is thermal paste and when should I replace it?,"Thermal paste fills microscopic gaps between the CPU and its heatsink to improve heat transfer. It should be replaced every 3–5 years or if temperatures are abnormally high. To replace it, clean off the old paste with isopropyl alcohol, apply a small pea-sized amount of new paste to the center of the CPU, then reseat the cooler."
Hardware & Peripherals,How do I diagnose a monitor with no display?,"Check that the monitor is powered on and the cable is firmly connected to both the monitor and the PC. Try a different cable or port. Connect the monitor to another computer to determine if the issue is with the monitor or the PC. If the PC runs but shows no display, the GPU or display output port may be faulty."
Hardware & Peripherals,How do I install a new graphics card?,"Power off and unplug the PC. Remove the old GPU by unscrewing it from the case bracket and releasing the PCIe slot clip. Insert the new GPU firmly into the PCIe x16 slot until it clicks. Screw it to the bracket, connect the PCIe power cables, then install the drivers after booting."
Hardware & Peripherals,What is the difference between PCIe Gen 3 and Gen 4?,"PCIe Gen 4 doubles the bandwidth per lane compared to Gen 3, going from 1 GB/s to 2 GB/s per lane. This benefits high-speed NVMe SSDs and high-end GPUs. Most current consumer components support Gen 4, and Gen 5 is emerging. Backward compatibility means Gen 4 devices work in Gen 3 slots at reduced speed."
Hardware & Peripherals,How do I install an M.2 SSD?,"Locate the M.2 slot on your motherboard (check the manual). Remove the retaining screw, slide the M.2 SSD in at a slight angle into the slot, press it down flat, and secure it with the screw. Ensure the M.2 drive is compatible with the slot (NVMe vs SATA, correct form factor like 2280)."
Hardware & Peripherals,How do I fix a USB device not recognized error?,Try a different USB port or cable. Open Device Manager and look for any devices with a yellow warning icon. Right-click and choose 'Update driver' or 'Uninstall device' then reconnect it. Disabling USB Selective Suspend in Power Options can also resolve intermittent recognition issues.
Hardware & Peripherals,How do I check my power supply unit (PSU) wattage?,"Open your PC case and find the label on the side of the PSU, which lists its maximum wattage. You can also use a PSU calculator (available online) to determine how much wattage your components require. Running a PSU near its maximum capacity shortens its lifespan."
Hardware & Peripherals,What is the difference between a mechanical and membrane keyboard?,"Mechanical keyboards use individual switches under each key that provide tactile feedback, distinct click sounds (on clicky switches), and longer lifespan. Membrane keyboards use a pressure pad beneath the keys, are quieter and cheaper, but offer less tactile feedback. Mechanical keyboards are preferred by typists and gamers."
Hardware & Peripherals,How do I calibrate my monitor?,"Windows has a built-in calibration tool under Display settings > Advanced display settings > Color calibration. For professional results, use a hardware colorimeter like the X-Rite i1Display. Adjust brightness, contrast, gamma, and color temperature to match your work environment and use case."
Hardware & Peripherals,"What is the difference between 1080p, 1440p, and 4K resolution?","1080p (Full HD) is 1920x1080 pixels, 1440p (2K/QHD) is 2560x1440, and 4K (UHD) is 3840x2160. Higher resolution means sharper images but requires more GPU power to drive at high frame rates. For gaming, 1440p at high refresh rates is currently a popular balance of clarity and performance."
Hardware & Peripherals,How do I fix a printer that won't print?,"Check that the printer is powered on, connected, and has paper and ink/toner. Open the printer queue (Settings > Devices > Printers) and clear any stuck jobs. Try printing a test page from the printer's own settings. Reinstalling the printer driver often resolves persistent issues."
Hardware & Peripherals,How do I connect a Bluetooth device to my computer?,Ensure Bluetooth is enabled on your PC (Settings > Devices > Bluetooth). Put the Bluetooth device in pairing mode (usually by holding a button). Your PC will discover the device — click on it and select 'Pair'. Follow any PIN prompts to complete the pairing.
Hardware & Peripherals,What is RAID and how does it work?,RAID (Redundant Array of Independent Disks) combines multiple drives for redundancy or performance. RAID 0 stripes data across drives for speed but offers no redundancy. RAID 1 mirrors data for redundancy. RAID 5 and RAID 6 provide a balance of performance and fault tolerance. RAID is not a substitute for backups.
Hardware & Peripherals,How do I extend my laptop screen to an external monitor?,"Connect the monitor to your laptop via HDMI, DisplayPort, or USB-C. Press Windows + P on Windows to choose display mode: Duplicate, Extend, or Second screen only. On Mac, go to System Preferences > Displays and arrange the screens. Use Extend mode to gain additional desktop workspace."
Hardware & Peripherals,What causes a CPU to throttle and how do I prevent it?,"CPU throttling (thermal throttling) occurs when the processor gets too hot and reduces its clock speed to cool down. It's typically caused by poor cooling, dust buildup, or dried thermal paste. Cleaning the cooler, reapplying thermal paste, and ensuring good case airflow help prevent throttling."
Hardware & Peripherals,How do I replace a desktop PC's CPU cooler?,"Power off and unplug the PC. Remove the existing cooler by detaching its retention mechanism (push pins or screws). Clean off the old thermal paste with isopropyl alcohol. Apply fresh thermal paste, mount the new cooler according to its instructions, and connect the fan header to the motherboard."
Hardware & Peripherals,How do I identify what hardware is in my PC?,"Use CPU-Z or HWiNFO64 for detailed hardware information including CPU, RAM, motherboard, and GPU specs. On Windows, Device Manager and System Information (msinfo32) also provide component lists. On Linux, use 'lshw -short' or 'inxi -Fx' for a comprehensive hardware summary."
Hardware & Peripherals,What is the purpose of a PC case fan?,"Case fans improve airflow through the computer chassis, drawing cool air in and expelling hot air out. Proper airflow keeps components like the CPU, GPU, and storage drives at safe temperatures. Typically, front/bottom fans intake cool air while rear/top fans exhaust hot air."
Hardware & Peripherals,How do I add more storage to my laptop?,"Many laptops allow you to replace or add an M.2 SSD or 2.5-inch SATA drive — check your model's service manual. If internal expansion isn't possible, a USB 3.x external SSD offers fast, portable storage. For very large storage needs, a USB 3.0 external hard drive is cost-effective."
Hardware & Peripherals,What is ECC RAM and who needs it?,"ECC (Error-Correcting Code) RAM detects and corrects single-bit memory errors on the fly, preventing data corruption. It's used in servers, workstations, and systems where data integrity is critical, such as databases and scientific computing. ECC RAM requires compatible motherboards and processors, and it's generally more expensive than standard RAM."
Hardware & Peripherals,How do I fix a computer that won't boot after new hardware installation?,"Reseat all newly installed components — RAM, GPU, and drives — to ensure they're fully connected. Reset the BIOS by removing the CMOS battery for 30 seconds or using the clear CMOS jumper. Check that all power connectors are firmly attached. If the system still won't boot, try removing new hardware one piece at a time to isolate the faulty component."
Hardware & Peripherals,What is the difference between a wired and wireless mouse?,"A wired mouse connects via USB and offers zero latency and no need for charging. A wireless mouse uses Bluetooth or a USB dongle, providing freedom of movement at the cost of occasional latency and battery maintenance. Modern wireless gaming mice have become competitive with wired ones in terms of response time."
Hardware & Peripherals,How do I troubleshoot a monitor flickering issue?,"Check and reseat the video cable at both ends. Try a different cable or port type (e.g., swap HDMI for DisplayPort). Update your GPU drivers and check the monitor's refresh rate in Display settings. A flickering monitor can also indicate a failing panel backlight, which may require professional repair or replacement."
Networking & Connectivity,What is the difference between a router and a modem?,A modem connects your home network to your internet service provider (ISP) by modulating/demodulating the signal from the cable or phone line. A router connects multiple devices within your home and routes traffic between them and the internet. Many ISPs provide a combined modem-router unit called a gateway.
Networking & Connectivity,How do I find my IP address?,"On Windows, open Command Prompt and type 'ipconfig' — your IP address is listed under IPv4 Address. On macOS/Linux, use 'ifconfig' or 'ip addr' in Terminal. Your public IP address (visible to the internet) can be found by visiting a site like whatismyip.com."
Networking & Connectivity,What is the difference between 2.4 GHz and 5 GHz Wi-Fi?,"2.4 GHz Wi-Fi has better range and penetrates walls more effectively but is slower and more prone to interference from other devices. 5 GHz Wi-Fi offers faster speeds and less interference but has a shorter range. Use 5 GHz for devices close to the router requiring high bandwidth, and 2.4 GHz for devices farther away."
Networking & Connectivity,How do I change my Wi-Fi password?,Log into your router's admin interface by entering its IP address (usually 192.168.1.1 or 192.168.0.1) in a browser. Find the Wireless or Wi-Fi settings section and update the password. Save the settings and reconnect all your devices with the new password.
Networking & Connectivity,How do I set up a VPN on Windows?,"Go to Settings > Network & Internet > VPN and click 'Add a VPN connection'. Enter the VPN provider's server address, connection name, and your credentials. Alternatively, install your VPN provider's app (e.g., NordVPN, ExpressVPN) for a simpler setup with automatic server selection."
Networking & Connectivity,What is DNS and how does it work?,"DNS (Domain Name System) translates human-readable domain names (like google.com) into IP addresses that computers use to communicate. When you type a URL, your device queries a DNS server to resolve it. You can change your DNS server in network settings — popular alternatives include Google DNS (8.8.8.8) and Cloudflare (1.1.1.1)."
Networking & Connectivity,How do I extend my Wi-Fi coverage?,"You can use a Wi-Fi range extender/repeater that amplifies the existing signal. A mesh network system (like Google Nest or Eero) is a more seamless solution using multiple nodes. For the best performance, consider powerline adapters that use your home's electrical wiring to extend a wired connection."
Networking & Connectivity,What is a firewall and how does it protect my network?,A firewall monitors incoming and outgoing network traffic and blocks connections that don't meet defined security rules. Windows includes a built-in firewall (Windows Defender Firewall). Home routers also have built-in NAT firewalls. Enterprise environments use dedicated hardware firewalls for more granular control.
Networking & Connectivity,How do I check if my internet connection is working?,"Open a web browser and try loading a website. If it fails, ping a public server: open Command Prompt and type 'ping 8.8.8.8'. If the ping works but websites don't load, it may be a DNS issue. If ping fails too, the connection itself is down — restart your modem and router."
Networking & Connectivity,What is NAT and why is it used?,"NAT (Network Address Translation) allows multiple devices on a local network to share a single public IP address. The router translates private IP addresses (e.g., 192.168.x.x) to the public IP when communicating with the internet. NAT provides a basic layer of security by hiding internal devices from direct external access."
Networking & Connectivity,How do I set a static IP address for a device on my network?,"The best method is to assign a DHCP reservation in your router's settings, linking the device's MAC address to a fixed IP. Alternatively, set a static IP directly on the device in its network adapter settings, ensuring you choose an address outside the router's DHCP range. Static IPs are useful for servers and printers."
Networking & Connectivity,What is the difference between TCP and UDP?,"TCP (Transmission Control Protocol) ensures reliable, ordered delivery of data with error checking, making it ideal for web browsing, email, and file transfers. UDP (User Datagram Protocol) is faster but doesn't guarantee delivery, making it suitable for video streaming, VoIP, and online gaming where speed matters more than perfection."
Networking & Connectivity,How do I port forward on my router?,"Log into your router's admin interface, find the 'Port Forwarding' or 'Virtual Server' section, and add a new rule specifying the external port, internal IP address, and internal port. This directs incoming traffic on the specified port to a device inside your network, commonly used for gaming servers or remote access."
Networking & Connectivity,What is a MAC address and how is it different from an IP address?,"A MAC address is a unique hardware identifier assigned to a network interface card by the manufacturer, used for communication within a local network. An IP address is a logical address assigned by the network for routing traffic across the internet. IP addresses can change; MAC addresses are generally fixed."
Networking & Connectivity,How do I run a network speed test?,"Visit speedtest.net or fast.com in your browser to measure your current download and upload speeds. For command-line testing, use 'speedtest-cli' on Linux/macOS. For accurate results, connect via ethernet cable and close other applications. Compare results to your ISP's advertised speeds."
Networking & Connectivity,What is DHCP and how does it work?,"DHCP (Dynamic Host Configuration Protocol) automatically assigns IP addresses, subnet masks, gateways, and DNS servers to devices joining a network. Your router typically acts as a DHCP server. Without DHCP, you'd need to manually configure IP settings on every device. DHCP leases are temporary and renewed periodically."
Networking & Connectivity,How do I troubleshoot a slow internet connection?,"First, run a speed test to see your actual speeds. Restart your modem and router. Check if other devices are also slow — if so, the issue is likely with the router or ISP. Move closer to the router or connect via ethernet. Check for background downloads, and consider upgrading your plan if speeds are consistently below what you pay for."
Networking & Connectivity,What is a subnet mask and why does it matter?,"A subnet mask defines which part of an IP address identifies the network and which part identifies the host. For example, a mask of 255.255.255.0 means the first three octets are the network. Subnetting allows network administrators to divide large networks into smaller, more manageable segments."
Networking & Connectivity,How do I check which devices are connected to my Wi-Fi?,"Log into your router's admin page and look for a 'Connected Devices' or 'DHCP Clients' section, which lists all devices by name or MAC address. You can also use network scanning tools like 'nmap' or apps like Fing to discover devices on your network."
Networking & Connectivity,What is the difference between HTTP and HTTPS?,"HTTP (Hypertext Transfer Protocol) transmits data in plain text, while HTTPS (HTTP Secure) encrypts data using TLS/SSL. HTTPS protects sensitive data like passwords and credit card numbers from interception. Browsers show a padlock icon for HTTPS sites. Websites without HTTPS are flagged as 'Not secure' in modern browsers."
Networking & Connectivity,How do I set up a home NAS (Network Attached Storage)?,"Purchase a NAS device (e.g., Synology, QNAP) or repurpose an old PC with NAS software like TrueNAS. Install hard drives, connect the NAS to your router, and access it via the web interface to configure storage pools and shared folders. Install the vendor's app to access files from all your devices."
Networking & Connectivity,What is a VLAN and when would I use one?,"A VLAN (Virtual Local Area Network) logically separates devices on the same physical network into different network segments. Common uses include isolating IoT devices from your main network, separating guest Wi-Fi, and segmenting a company's departments. VLANs require a managed switch and router that supports VLAN tagging."
Networking & Connectivity,How does Wi-Fi 6 (802.11ax) differ from Wi-Fi 5 (802.11ac)?,"Wi-Fi 6 offers higher theoretical maximum speeds, better performance in congested environments (using OFDMA and BSS Coloring), and improved battery efficiency for client devices through Target Wake Time. While Wi-Fi 5 is still sufficient for most home users, Wi-Fi 6 shines in environments with many simultaneously connected devices."
Networking & Connectivity,What is a ping and how do I interpret the results?,Ping sends ICMP echo request packets to a host and measures the round-trip time in milliseconds (ms). A lower ping indicates a faster connection. 'Request timed out' means the host isn't responding or is blocking ICMP. High or inconsistent (jitter) ping values affect real-time applications like gaming and video calls.
Networking & Connectivity,How do I configure a static route on a network?,"On Windows, use 'route add [destination] mask [subnet] [gateway]' in an elevated Command Prompt. On Linux, use 'ip route add [destination]/[prefix] via [gateway]'. To make it persistent across reboots on Linux, add the route to '/etc/network/interfaces' or a Netplan config depending on your distribution."
Networking & Connectivity,"What is the difference between a hub, switch, and router?","A hub broadcasts data to all devices on the network, creating unnecessary traffic. A switch is smarter — it learns device MAC addresses and sends data only to the intended recipient. A router connects different networks together (e.g., your LAN to the internet) and makes decisions based on IP addresses."
Networking & Connectivity,How do I block a device from accessing my Wi-Fi?,Log into your router admin panel and find MAC filtering or access control settings. Add the device's MAC address to the block list. You can also change your Wi-Fi password and reconnect only trusted devices. Some routers allow scheduling internet access per device.
Networking & Connectivity,What is QoS (Quality of Service) and how do I configure it?,"QoS lets your router prioritize certain types of traffic or specific devices. For example, you can prioritize video conferencing or gaming traffic over file downloads. Access QoS settings through your router's admin interface and assign priority levels to devices or application ports."
Networking & Connectivity,How do I configure IPv6 on my network?,"IPv6 is usually enabled by default on modern routers and operating systems. Check your router's WAN settings for IPv6 configuration — options include SLAAC, DHCPv6, or manual configuration depending on your ISP. You can verify IPv6 connectivity by visiting test-ipv6.com."
Networking & Connectivity,What tools can I use for network monitoring?,"Popular tools include Wireshark for packet capture and analysis, PRTG Network Monitor or Zabbix for infrastructure monitoring, and Nagios for alerts and uptime monitoring. For home networks, the Fing app gives quick visibility into connected devices and their status."
Cybersecurity & Passwords,What is two-factor authentication (2FA) and how do I enable it?,"Two-factor authentication adds a second verification step beyond your password, such as a code from an app or SMS. Enable it in your account's security settings — most major services like Google, Facebook, and banking apps support it. Use an authenticator app like Google Authenticator or Authy for better security than SMS."
Cybersecurity & Passwords,How do I create a strong password?,"A strong password is at least 12 characters long and combines uppercase and lowercase letters, numbers, and symbols. Avoid dictionary words, names, or predictable patterns. Use a passphrase (a string of random words) for memorability. Better yet, use a password manager to generate and store truly random passwords."
Cybersecurity & Passwords,What is a password manager and which one should I use?,"A password manager securely stores all your passwords in an encrypted vault, accessible with one master password. Popular options include Bitwarden (free and open-source), 1Password, Dashlane, and LastPass. They can generate strong passwords and autofill them, eliminating the need to remember multiple credentials."
Cybersecurity & Passwords,How do I recognize a phishing email?,"Look for mismatched or misspelled sender email addresses, urgent language pressuring immediate action, suspicious links (hover to preview the URL), unexpected attachments, and generic greetings like 'Dear Customer'. Legitimate companies will never ask for your password via email. When in doubt, contact the company directly through their official website."
Cybersecurity & Passwords,What is ransomware and how can I protect myself?,"Ransomware is malware that encrypts your files and demands payment for the decryption key. Protect yourself by keeping software updated, not clicking suspicious links, using reputable antivirus software, and maintaining regular offline backups. Never pay the ransom, as it doesn't guarantee file recovery."
Cybersecurity & Passwords,How do I check if my email or password has been compromised?,"Visit haveibeenpwned.com and enter your email address — it checks against a database of known data breaches. Enable breach alerts so you're notified if your data appears in future leaks. If a breach is found, immediately change the password for that service and anywhere else you used the same password."
Cybersecurity & Passwords,What is a VPN and does it make me anonymous online?,"A VPN (Virtual Private Network) encrypts your internet traffic and routes it through a server in another location, hiding your real IP address from websites. However, it doesn't make you completely anonymous — your VPN provider can see your traffic, and cookies/browser fingerprinting can still track you. It's most useful on public Wi-Fi."
Cybersecurity & Passwords,How do I secure my home Wi-Fi network?,"Change the default router admin username and password. Set Wi-Fi encryption to WPA3 or WPA2. Use a strong, unique Wi-Fi password. Disable WPS (Wi-Fi Protected Setup) as it has known vulnerabilities. Keep your router firmware updated. Consider creating a separate guest network for visitors and IoT devices."
Cybersecurity & Passwords,What is the principle of least privilege?,"The principle of least privilege means giving users, processes, and systems only the minimum permissions they need to do their job. This limits the damage if an account is compromised. In practice, it means using standard user accounts for daily tasks, not admin accounts, and restricting employee access to only the systems they need."
Cybersecurity & Passwords,How do I protect my computer from viruses?,Install and keep updated a reputable antivirus program. Keep your OS and apps updated to patch security vulnerabilities. Avoid downloading software from untrusted sources. Don't open unexpected email attachments. Use a firewall. Regularly back up your data so you can recover from an infection without paying ransom.
Cybersecurity & Passwords,What is social engineering in cybersecurity?,"Social engineering manipulates people into revealing confidential information or performing actions that compromise security — rather than attacking systems directly. Examples include phishing emails, pretexting (creating false scenarios), and vishing (voice phishing). Human awareness and training are the primary defenses."
Cybersecurity & Passwords,What is a zero-day vulnerability?,A zero-day vulnerability is a software flaw that is unknown to the software vendor and for which no patch exists yet. Attackers who discover these can exploit them before a fix is available. Zero-days are highly valuable and often used in targeted attacks. Keeping software updated minimizes your exposure when patches are eventually released.
Cybersecurity & Passwords,What is the difference between symmetric and asymmetric encryption?,"Symmetric encryption uses the same key to encrypt and decrypt data, making it fast but requiring secure key exchange. Asymmetric encryption uses a public/private key pair — the public key encrypts data, and only the matching private key can decrypt it. HTTPS uses asymmetric encryption to establish a secure session, then symmetric encryption for speed."
Cybersecurity & Passwords,How do I enable Windows Firewall?,Go to Control Panel > System and Security > Windows Defender Firewall and click 'Turn Windows Defender Firewall on or off'. Make sure it's enabled for both private and public networks. You can also manage firewall rules to allow or block specific apps through 'Advanced settings'.
Cybersecurity & Passwords,What is multi-factor authentication (MFA) and why is it important?,"MFA requires two or more verification factors to gain access: something you know (password), something you have (phone/token), and something you are (biometrics). Even if your password is stolen, MFA prevents unauthorized access because the attacker also needs the second factor. It's one of the most effective account security measures."
Cybersecurity & Passwords,How do I perform a security audit on my personal devices?,"Update all software and operating systems. Review app permissions and revoke unnecessary ones. Check which apps have access to your accounts (Google, Facebook) and remove unfamiliar ones. Enable full-disk encryption. Review passwords in your password manager for weaknesses and reused passwords. Check haveibeenpwned.com for breached credentials."
Cybersecurity & Passwords,What is HTTPS and how does SSL/TLS work?,"HTTPS secures web communication using TLS (Transport Layer Security). When you connect to an HTTPS site, the server presents its digital certificate to verify its identity. Your browser and the server negotiate encryption settings and exchange keys, establishing an encrypted tunnel for all data. The padlock icon in your browser confirms the connection is secure."
Cybersecurity & Passwords,How do I spot a fake website or scam?,"Check the URL carefully for misspellings (e.g., 'paypa1.com') and ensure it starts with 'https'. Look for poor grammar, stock images, and no contact information. Verify the domain registration age using Whois. Search for reviews or scam reports about the site. When in doubt, access the site directly by typing the known URL rather than clicking a link."
Cybersecurity & Passwords,What is data encryption and should I encrypt my hard drive?,"Data encryption scrambles data so it can only be read with the correct decryption key. Encrypting your hard drive (with BitLocker on Windows, FileVault on Mac, or LUKS on Linux) ensures data is unreadable if your device is lost or stolen. For laptops and devices containing sensitive information, full-disk encryption is strongly recommended."
Cybersecurity & Passwords,What is a DDoS attack and how do organizations defend against it?,"A DDoS (Distributed Denial of Service) attack floods a server or network with traffic from many sources, making it unavailable to legitimate users. Defenses include traffic filtering, rate limiting, cloud-based DDoS protection services (like Cloudflare or AWS Shield), and having sufficient bandwidth headroom. Identifying and blocking attack traffic patterns is key."
Cybersecurity & Passwords,What is a security certificate error and what should I do?,"A certificate error means your browser cannot verify the website's identity, often because the certificate is expired, invalid, or mismatched. Do not proceed to the site if you're not sure — it may be a sign of a man-in-the-middle attack. If it's a site you trust and manage yourself, the certificate may simply need renewal."
Cybersecurity & Passwords,What is the Dark Web and should I be concerned about it?,"The Dark Web is a part of the internet accessible only through the Tor browser, used for both legitimate privacy purposes and illegal activities. Most people have no reason to access it. However, your data (passwords, credit card numbers) can end up for sale there after breaches. Monitor your credentials via services like haveibeenpwned.com and use unique passwords for each account."
Cybersecurity & Passwords,What is endpoint security?,"Endpoint security protects individual devices (endpoints) like computers, laptops, and mobile phones that connect to a corporate network. It typically includes antivirus, EDR (Endpoint Detection and Response), data encryption, and patch management. As more employees work remotely, endpoint security has become critically important."
Cybersecurity & Passwords,How do I safely dispose of an old computer with personal data?,"Before disposing, perform a secure wipe of your hard drive using tools like DBAN (for HDDs) or the manufacturer's secure erase for SSDs. Simply deleting files or formatting is not enough for sensitive data. For SSDs, the drive manufacturer's secure erase utility or the built-in factory reset with encryption enabled is recommended."
Cybersecurity & Passwords,What is a security token or hardware key?,"A hardware security key (like a YubiKey) is a physical device that provides a second factor of authentication using cryptographic keys. It's plugged into a USB port or tapped on a phone. Unlike SMS-based 2FA, hardware keys are immune to phishing because they verify the website's legitimacy as part of the authentication process."
Cybersecurity & Passwords,What is penetration testing?,"Penetration testing (pen testing) is an authorized simulated cyberattack performed to identify vulnerabilities in a system, network, or application. Security professionals use tools and techniques similar to real attackers to find weaknesses before malicious actors do. Pen testing results help organizations prioritize and fix security gaps."
Cybersecurity & Passwords,How do I protect my children online?,"Enable parental controls in your router or operating system to filter content and set screen time limits. Use family-oriented DNS services like CleanBrowsing. Have regular open conversations with children about online safety. Monitor activity appropriately for age, and teach them never to share personal information with strangers online."
Cybersecurity & Passwords,What is GDPR and why does it matter?,"GDPR (General Data Protection Regulation) is a European Union law governing how organizations collect, store, and process personal data. It gives individuals rights over their data (access, correction, deletion) and requires organizations to be transparent about data use. Non-compliance can result in large fines. Even non-EU companies must comply if they handle EU residents' data."
Cybersecurity & Passwords,What are the most common types of malware?,"Common types include viruses (self-replicating code), worms (self-spreading across networks), trojans (disguised as legitimate software), ransomware (encrypts files for ransom), spyware (monitors activity), and adware (displays unwanted ads). Good antivirus software can detect and remove most types, but behavioral monitoring is increasingly important for newer threats."
Cybersecurity & Passwords,How do I safely use public Wi-Fi?,"Avoid accessing sensitive accounts (banking, email) on public Wi-Fi. Use a VPN to encrypt your traffic. Ensure websites use HTTPS. Disable automatic Wi-Fi connection and file sharing on your device. Prefer mobile data for sensitive activities. Public Wi-Fi networks are prime targets for man-in-the-middle attacks."
Mobile Devices,How do I free up storage space on my iPhone?,"Go to Settings > General > iPhone Storage to see what's using the most space. You can offload unused apps (which removes the app but keeps its data), delete old videos and photos, and clear streaming app caches. Enabling iCloud Photos stores full-resolution photos in the cloud and keeps optimized versions on your device."
Mobile Devices,How do I factory reset my Android phone?,"Go to Settings > General Management (or System) > Reset > Factory Data Reset. This wipes all data, apps, and settings. Make sure to back up important data first via Google backup or manual transfer. If the phone is locked, most Android devices allow a factory reset from the recovery menu."
Mobile Devices,How do I back up my iPhone?,"Connect to Wi-Fi and go to Settings > [Your Name] > iCloud > iCloud Backup, then tap 'Back Up Now'. Alternatively, connect to a Mac or PC and use Finder (macOS) or iTunes (Windows) for a local backup. iCloud automatically backs up daily when your phone is charging and connected to Wi-Fi."
Mobile Devices,How do I transfer data from Android to iPhone?,"Use Apple's 'Move to iOS' app, available on the Google Play Store. During iPhone setup, select 'Move Data from Android', open the app on your Android, and follow the steps to transfer contacts, messages, photos, and more. Perform this during initial iPhone setup for the best experience."
Mobile Devices,How do I extend my phone battery life?,"Reduce screen brightness or enable auto-brightness. Turn off Wi-Fi, Bluetooth, and GPS when not in use. Enable battery saver mode. Close background apps (though this has diminishing returns on modern phones). Avoid charging to 100% or draining to 0% frequently — keeping charge between 20-80% prolongs battery health."
Mobile Devices,How do I update apps on Android?,"Open the Google Play Store app, tap your profile icon, select 'Manage apps & device', then tap 'Update all'. You can enable automatic updates by going to Play Store settings > Network preferences > Auto-update apps. Keeping apps updated ensures you have the latest features and security patches."
Mobile Devices,How do I set up fingerprint unlock on Android?,"Go to Settings > Biometrics and Security (exact path varies by manufacturer) > Fingerprint. You'll need to have a PIN, pattern, or password set up first. Follow the on-screen instructions to enroll your fingerprint by lifting and pressing your finger repeatedly on the sensor."
Mobile Devices,What should I do if my phone falls in water?,Remove the phone from water immediately and power it off if it's still on. Dry it gently with a cloth. Do NOT use a hairdryer or put it in rice — these are ineffective or damaging. Place it in a dry environment for 48 hours before turning it back on. Many modern phones have IP67/IP68 ratings for water resistance.
Mobile Devices,How do I enable 'Do Not Disturb' on my iPhone?,Swipe down from the top-right corner to open Control Center and tap the crescent moon icon. Or go to Settings > Focus > Do Not Disturb to customize schedules and allowed contacts. You can allow calls from specific people or repeat callers to break through while silencing other notifications.
Mobile Devices,How do I check mobile data usage on Android?,"Go to Settings > Network & Internet (or Connections) > Data Usage. You can see total usage, usage by app, and set data usage warnings or limits. This helps you identify which apps are consuming the most data so you can adjust their background data settings."
Mobile Devices,How do I remove a virus from an Android phone?,"Uninstall recently installed suspicious apps from Settings > Apps. Run a reputable mobile security app like Malwarebytes or Bitdefender. If the problem persists, boot into Safe Mode (hold power button, then long-press 'Power off') to disable third-party apps and uninstall malicious ones. A factory reset is the last resort."
Mobile Devices,What is the difference between Android and iOS?,"Android is an open-source OS by Google used by multiple manufacturers, offering more customization, sideloading, and hardware variety. iOS is Apple's closed, proprietary OS exclusive to iPhone and iPad, known for tight hardware-software integration, strong privacy features, and a curated App Store. Both are excellent — the choice often depends on ecosystem preference."
Mobile Devices,How do I share my phone's internet connection (hotspot)?,"On Android, go to Settings > Network & Internet > Hotspot & Tethering and enable 'Wi-Fi hotspot'. On iPhone, go to Settings > Personal Hotspot and toggle it on. Set a strong password for the hotspot. Note that mobile hotspot usage counts against your data plan."
Mobile Devices,How do I force restart a frozen iPhone?,"For iPhone 8 and later: quickly press and release Volume Up, then Volume Down, then hold the Side button until the Apple logo appears. For iPhone 7: hold Volume Down and Sleep/Wake simultaneously. For older models: hold Home and Sleep/Wake. This performs a hard reset without erasing data."
Mobile Devices,How do I enable developer options on Android?,"Go to Settings > About Phone and tap 'Build number' seven times rapidly. You'll see a message saying 'You are now a developer'. Developer options will then appear in Settings, giving access to USB debugging, animation scale settings, and other advanced options."
Mobile Devices,How do I block a phone number on iPhone?,"Open the Phone app, go to Recents, and tap the info (i) icon next to the number. Scroll down and select 'Block this Caller'. To manage blocked numbers, go to Settings > Phone > Blocked Contacts. Blocked callers go directly to voicemail and cannot see when messages are delivered."
Mobile Devices,How do I recover deleted photos on Android?,"Check your Google Photos app — deleted photos stay in the Trash for 30 days and can be restored. If they're not in Trash, check your cloud backup service. Third-party data recovery apps may recover photos if they haven't been overwritten, but results are not guaranteed. Regular cloud backups are the best prevention."
Mobile Devices,What is NFC and what can I use it for?,"NFC (Near Field Communication) is a short-range wireless technology (a few centimeters) used for contactless payments (like Google Pay or Apple Pay), pairing Bluetooth devices, reading NFC tags, and transferring small amounts of data. Most modern smartphones have NFC built in."
Mobile Devices,How do I set up Face ID on iPhone?,"Go to Settings > Face ID & Passcode. Enter your passcode, then tap 'Set Up Face ID'. Hold your iPhone in portrait orientation and position your face in the frame, then move your head in a circle to capture different angles. You can also set up an alternate appearance for cases like different hairstyles or eyeglasses."
Mobile Devices,How do I clear cache on Android apps?,"Go to Settings > Apps, select the app you want to clear cache for, tap 'Storage', then 'Clear Cache'. This removes temporary files the app has stored, which can free up space and fix app glitches without deleting your personal data or settings."
Mobile Devices,How do I use screen mirroring from my phone to a TV?,"On Android, use the Cast or Smart View feature (swipe down from the notification bar) and select your Chromecast or Smart TV. On iPhone, use AirPlay by swiping down to Control Center and tapping Screen Mirroring, then selecting your Apple TV or AirPlay 2-compatible TV. Both devices must be on the same Wi-Fi network."
Mobile Devices,How do I set up email on my iPhone?,"Go to Settings > Mail > Accounts > Add Account. Choose your email provider (Google, Yahoo, Outlook, etc.) or select 'Other' for custom IMAP/POP3 settings. Enter your email and password. For Gmail and other major providers, the Mail app will configure server settings automatically."
Mobile Devices,What is the App Clip / Instant App feature on mobile phones?,"App Clips (iOS) and Instant Apps (Android) let you use a portion of an app without fully installing it. They load instantly when triggered by NFC, QR codes, or links and are ideal for one-time tasks like parking payments, renting a scooter, or ordering food. No installation is required, saving storage space."
Mobile Devices,How do I improve my phone's GPS accuracy?,Ensure location services are enabled and set to 'High Accuracy' mode on Android (Settings > Location > Mode). Make sure the app has location permissions. Go outside or near a window for better satellite signal. Restart the app or toggle airplane mode to refresh the GPS receiver.
Mobile Devices,How do I set parental controls on an iPhone for a child?,"Go to Settings > Screen Time > Turn On Screen Time. Set a Screen Time passcode different from the device passcode. Use 'Content & Privacy Restrictions' to limit app usage, content ratings, web browsing, and purchases. You can also set downtime schedules and app limits by category."
Cloud & SaaS Tools,"What is the difference between IaaS, PaaS, and SaaS?","IaaS (Infrastructure as a Service) provides virtualized computing resources like VMs and storage — e.g., AWS EC2. PaaS (Platform as a Service) provides a platform for developing and deploying apps without managing infrastructure — e.g., Heroku. SaaS (Software as a Service) delivers fully functional applications over the internet — e.g., Google Workspace or Salesforce."
Cloud & SaaS Tools,How do I set up Google Workspace for my small business?,"Go to workspace.google.com and sign up, entering your business domain. Verify domain ownership by adding a TXT record to your DNS. Add users in the Admin Console and configure Gmail to use your custom domain. Google Workspace includes Gmail, Drive, Docs, Meet, and Calendar with business-grade features."
Cloud & SaaS Tools,What is Microsoft 365 and what does it include?,"Microsoft 365 (formerly Office 365) is a subscription service that includes Word, Excel, PowerPoint, Outlook, Teams, OneNote, and OneDrive cloud storage. Plans range from personal to enterprise. Apps can be installed on up to 5 devices and files sync across all devices via OneDrive."
Cloud & SaaS Tools,How do I recover a deleted file from OneDrive?,"Go to onedrive.com, sign in, and click 'Recycle bin' in the left panel. Select the file and click 'Restore'. Deleted files stay in the recycle bin for up to 30 days. For Microsoft 365 subscribers, version history is also available by right-clicking a file and selecting 'Version history'."
Cloud & SaaS Tools,How do I share a Google Drive folder with someone?,"Right-click the folder in Google Drive and select 'Share'. Enter the recipient's email address and choose their permission level: Viewer, Commenter, or Editor. Click 'Send'. You can also generate a shareable link and set whether anyone with the link can view or edit."
Cloud & SaaS Tools,What is cloud storage and how is it different from local storage?,"Cloud storage saves files on remote servers accessible via the internet, from any device. Local storage saves files on the device's hard drive or SSD. Cloud storage offers accessibility and automatic backup but requires internet access and a subscription for large amounts. Local storage is faster and available offline but can be lost if the device fails."
Cloud & SaaS Tools,How do I set up multi-factor authentication for a Microsoft 365 account?,"Sign in to the Microsoft 365 admin center, go to Users > Active Users, select a user and click 'Multi-factor authentication'. Enable MFA for the user and have them register at aka.ms/mfasetup by choosing an authentication method like the Microsoft Authenticator app, SMS, or a phone call."
Cloud & SaaS Tools,What is Slack and how do I use it for team communication?,"Slack is a messaging platform for teams, organized into channels (group chats by topic) and direct messages. Install the app or use the web version, join your team's workspace, and participate in channels. Use @mentions to notify specific people, share files by dragging them in, and integrate with tools like Google Drive, Jira, and GitHub."
Cloud & SaaS Tools,What is Salesforce and who uses it?,"Salesforce is the world's leading CRM (Customer Relationship Management) platform, used by sales, marketing, and customer service teams to manage customer interactions, leads, and deals. It offers modules for sales automation, marketing campaigns, service cases, and analytics. It's widely used by businesses of all sizes."
Cloud & SaaS Tools,How do I create a Zoom meeting and invite participants?,"Log in to Zoom and click 'Schedule a Meeting'. Set the date, time, and duration, then click 'Save'. Copy the meeting link or invitation text and send it to participants via email or calendar invite. You can also start an instant meeting from the Zoom app and share the meeting ID directly."
Cloud & SaaS Tools,How do I migrate email from Gmail to Outlook?,"In Outlook, go to File > Add Account and add your Gmail account using the IMAP settings. Once connected, drag emails from your Gmail folders to Outlook's local folders to copy them. For large migrations, tools like Google Takeout or Microsoft's email migration tools in the admin center offer more automated options."
Cloud & SaaS Tools,What is AWS (Amazon Web Services) and what is it used for?,"AWS is Amazon's cloud computing platform offering over 200 services including computing (EC2), storage (S3), databases (RDS), AI/ML, and networking. Businesses use it to host websites, run applications, store data, and build scalable services without owning physical servers. AWS operates on a pay-as-you-go pricing model."
Cloud & SaaS Tools,"What is the difference between Dropbox, Google Drive, and OneDrive?","All three offer cloud storage and file syncing. Google Drive integrates tightly with Google Workspace apps. OneDrive integrates with Microsoft 365 and Windows. Dropbox is platform-agnostic and known for reliable sync across all operating systems and devices. Choice often depends on your existing ecosystem (Google, Microsoft, or neither)."
Cloud & SaaS Tools,How do I restore a previous version of a file in SharePoint?,"Open SharePoint, navigate to the document library, and right-click the file. Select 'Version history' to see all saved versions with timestamps and who made changes. Click 'Restore' next to the version you want to revert to. SharePoint retains major versions by default; minor versions can be configured in library settings."
Cloud & SaaS Tools,What is Azure Active Directory (Entra ID) and what is it used for?,"Azure Active Directory (now called Microsoft Entra ID) is Microsoft's cloud identity and access management service. Organizations use it to manage user accounts, control access to apps and resources (including Microsoft 365 and third-party SaaS apps), enforce MFA, and enable single sign-on (SSO). It's the foundation of identity management in Microsoft cloud environments."
Cloud & SaaS Tools,How do I automate tasks using Microsoft Power Automate?,"Sign in to Power Automate (flow.microsoft.com) and click 'Create'. Choose a template or start from scratch with a trigger (e.g., 'When an email arrives') and add actions (e.g., 'Save attachment to OneDrive'). No coding is required for most workflows. Power Automate integrates with hundreds of Microsoft and third-party services."
Cloud & SaaS Tools,What is a CDN (Content Delivery Network) and why is it used?,"A CDN is a network of geographically distributed servers that cache and deliver web content (images, scripts, videos) from the server closest to the user. This reduces latency and speeds up page load times. CDNs like Cloudflare, AWS CloudFront, and Akamai also provide DDoS protection and improved availability."
Cloud & SaaS Tools,How do I set up automatic backups to cloud storage?,"For Windows, OneDrive's PC Folder Backup can automatically sync Desktop, Documents, and Pictures folders. For Mac, iCloud Drive can do the same. Third-party tools like Backblaze or Acronis offer full system backups to the cloud. Configure backup frequency and retention policies based on how critical your data is."
Cloud & SaaS Tools,What is serverless computing and how is it different from traditional cloud hosting?,"In serverless computing (e.g., AWS Lambda, Azure Functions), you run code without provisioning or managing servers — you only pay for execution time. Traditional cloud hosting (VMs or containers) requires you to manage and pay for server resources even when idle. Serverless is ideal for event-driven, irregular workloads."
Cloud & SaaS Tools,What is single sign-on (SSO) and how does it benefit organizations?,"SSO allows users to authenticate once and access multiple applications without logging in again. It improves user experience by reducing password fatigue and simplifies IT management by centralizing authentication. It's implemented through identity providers (IdPs) like Azure AD, Okta, or Google using protocols like SAML or OAuth."
Cloud & SaaS Tools,How do I export my data from a SaaS platform?,"Most SaaS platforms offer a data export option in account settings. For Google Workspace, use Google Takeout. For Salesforce, use the Data Export feature in the admin panel. Always export your data regularly in case you need to switch providers or the service becomes unavailable. Store exports in a secure, separate location."
Cloud & SaaS Tools,What is Kubernetes and what problem does it solve?,"Kubernetes is an open-source container orchestration platform that automates deploying, scaling, and managing containerized applications. It solves the problem of running many containers across multiple servers reliably — automatically restarting failed containers, load balancing traffic, and rolling out updates without downtime."
Cloud & SaaS Tools,How does cloud pricing work and how can I avoid surprise bills?,"Cloud providers charge based on resources consumed: compute time, storage, data transfer, and API calls. To avoid surprise bills, set up billing alerts and budget alarms (e.g., in AWS Cost Explorer). Use reserved instances or savings plans for predictable workloads. Review and shut down unused resources regularly."
Cloud & SaaS Tools,What is Notion and how can I use it for productivity?,"Notion is an all-in-one workspace combining notes, wikis, databases, tasks, and project management. You can create pages with rich content, build relational databases for tracking projects or contacts, and share workspaces with teams. It's highly flexible — suitable for personal journaling, team knowledge bases, or complex project management."
Cloud & SaaS Tools,What is Jira and how is it used in software development?,"Jira is a project management and issue-tracking tool widely used in agile software development. Teams create 'issues' (bugs, tasks, stories), organize them into sprints and epics, and track progress on kanban or scrum boards. Jira integrates with GitHub, Confluence, Slack, and many other developer tools."
Troubleshooting & Error Fixes,My computer is running very slow. What should I do?,"Start by checking Task Manager (Ctrl+Shift+Esc) for processes using high CPU or memory. Disable unnecessary startup programs and scan for malware. Ensure the hard drive isn't nearly full — keep at least 15% free. On older machines, upgrading to an SSD or adding more RAM provides the most significant performance improvement."
Troubleshooting & Error Fixes,My PC won't turn on. What are the first steps to diagnose it?,"Check that the power cable is firmly connected and the outlet is working. For desktops, check that the PSU switch is in the 'on' position. Listen for any beep codes when you press power. Try a different power cable or outlet. If there's no response at all, the PSU may have failed."
Troubleshooting & Error Fixes,Windows is stuck on the loading screen. How do I fix it?,"Force shut down by holding the power button for 5 seconds. On the next boot, Windows may enter Automatic Repair mode. If not, access Advanced Startup Options by holding Shift while clicking Restart. Try 'Startup Repair' or boot into Safe Mode to diagnose driver or software issues."
Troubleshooting & Error Fixes,My computer is showing a blue screen of death (BSOD). What does it mean?,"A BSOD indicates a critical system error. Note the error code (e.g., DRIVER_IRQL_NOT_LESS_OR_EQUAL) and search it online. Common causes include faulty drivers, hardware issues, or corrupted system files. Run 'sfc /scannow' in an elevated Command Prompt to check for corrupted files and update or roll back recently installed drivers."
Troubleshooting & Error Fixes,My Wi-Fi keeps disconnecting. How do I fix it?,"Update your wireless network adapter drivers. Go to Device Manager > Network Adapters, right-click your adapter, and select 'Update driver'. In adapter Properties > Power Management, uncheck 'Allow the computer to turn off this device to save power'. Try assigning a static IP or changing your router's Wi-Fi channel to reduce interference."
Troubleshooting & Error Fixes,An application keeps crashing. How do I troubleshoot it?,"Update the application to the latest version. Reinstall it by uninstalling fully and reinstalling fresh. Check the Event Viewer (search in Start menu) > Windows Logs > Application for error codes. Run the app as administrator. If it uses Microsoft Visual C++ Redistributables, reinstall those too."
Troubleshooting & Error Fixes,My printer says 'offline'. How do I fix it?,"Open Settings > Devices > Printers & Scanners, click the printer, and select 'Open queue'. In the queue window, click Printer and uncheck 'Use Printer Offline'. Restart the printer and check all cable connections. If it persists, remove the printer, restart the Print Spooler service (in Services.msc), and re-add the printer."
Troubleshooting & Error Fixes,My laptop battery drains very fast. What can I do?,"Reduce screen brightness and check Settings > Battery > Battery Usage to identify apps consuming excessive power. Disable Bluetooth and Wi-Fi when not needed. Check battery health — on Windows use 'powercfg /batteryreport' in Command Prompt; on Mac check System Information > Power. If battery health is below 80%, consider replacement."
Troubleshooting & Error Fixes,My keyboard keys are not working. How do I fix it?,"First, restart your computer — sometimes this resolves temporary issues. Check that keyboard drivers are current in Device Manager. Try the keyboard on another computer to see if it's a hardware issue. Clean under the keys with compressed air. If specific keys don't work, the keyboard may need replacement."
Troubleshooting & Error Fixes,My monitor shows 'No Signal'. What should I check?,"Ensure the video cable is securely connected to both the monitor and GPU/motherboard. If using a docking station or adapter, test without it. Try a different port type (HDMI vs DisplayPort) or a different cable. If the PC is running but monitor shows no signal, the GPU may be failing or not seated properly."
Troubleshooting & Error Fixes,How do I fix 'DNS server not responding' error?,"Open a Command Prompt as administrator and type 'ipconfig /flushdns'. Change your DNS servers to Google's (8.8.8.8 / 8.8.4.4) or Cloudflare's (1.1.1.1) in your network adapter properties. Restart your router. Disable then re-enable your network adapter. On rare occasions, your antivirus software can interfere with DNS resolution."
Troubleshooting & Error Fixes,My PC makes a clicking noise from the hard drive. What does that mean?,Clicking sounds from a hard drive often indicate imminent drive failure — this is serious. Immediately back up all important data. The clicking is typically caused by the read/write head struggling to find data. Run a S.M.A.R.T. test (using tools like CrystalDiskInfo) to assess drive health. Replace the drive as soon as possible.
Troubleshooting & Error Fixes,How do I fix a frozen macOS app?,"Press Command + Option + Esc to open Force Quit. Select the frozen app and click 'Force Quit'. You can also right-click the app in the Dock and hold Option to see 'Force Quit'. If the entire system is unresponsive, press and hold the power button for 10 seconds to force a shutdown."
Troubleshooting & Error Fixes,My phone screen is cracked but still works. Should I replace it immediately?,"A cracked screen can still function, but the cracks can spread and eventually damage the digitizer (touch layer) or LCD. If the crack exposes the internals, moisture can cause further damage. Most phone repair shops can replace the screen; cost varies by model. Applying a tempered glass screen protector can prevent further cracking in the short term."
Troubleshooting & Error Fixes,How do I fix error code 0x80070057 in Windows?,"This error commonly occurs with Windows Update or when trying to format a disk. For Windows Update, run the Windows Update Troubleshooter in Settings > Update & Security > Troubleshoot. For disk formatting, the error may indicate file system corruption — run 'chkdsk /f' from an elevated Command Prompt on the affected drive."
Troubleshooting & Error Fixes,My external hard drive is not showing up. How do I fix it?,Try a different USB port or cable. Check Disk Management (right-click Start > Disk Management) — the drive may appear there but need a drive letter assigned or need initializing. Update USB and storage drivers in Device Manager. Test the drive on another computer to determine if it's a drive or PC issue.
Troubleshooting & Error Fixes,How do I fix audio that suddenly stopped working in Windows?,Right-click the speaker icon in the taskbar and run the Audio Troubleshooter. Check that the correct playback device is selected (right-click speaker icon > Open Sound settings). Check that the volume mixer doesn't have the app muted. Update audio drivers in Device Manager. Sometimes disabling then re-enabling the audio device resets it.
Troubleshooting & Error Fixes,My laptop touchpad is not working. How do I fix it?,"Check that the touchpad isn't disabled by a function key combination (often Fn + F5 or similar, look for a touchpad icon). In Settings > Devices > Touchpad, ensure it's enabled. Update or reinstall the touchpad driver in Device Manager. If a USB mouse is connected, some systems disable the touchpad automatically."
Troubleshooting & Error Fixes,Applications are taking a very long time to open. How do I speed them up?,"Check if the hard drive is nearly full — SSDs especially slow down when over 85% full. Malware can cause sluggish performance, so run a scan. Check if Windows is in the middle of updates in the background. If the system is old and uses a spinning HDD, upgrading to an SSD will dramatically improve application load times."
Troubleshooting & Error Fixes,How do I fix 'This site can't be reached' in Chrome?,"Check your internet connection by visiting another site. Flush DNS with 'ipconfig /flushdns' in Command Prompt. Clear Chrome's browsing data (Ctrl+Shift+Delete). Disable Chrome extensions temporarily. Check your firewall or antivirus isn't blocking the site. If only specific sites are affected, the issue may be with those servers."
Troubleshooting & Error Fixes,My phone won't charge. What should I try?,"Inspect the charging port for lint or debris and carefully clean it with a toothpick or compressed air. Try a different charging cable and adapter. Restart the phone. On Android, check battery settings to see if the device is overheating, which pauses charging. If using a wireless charger, ensure alignment is correct."
Troubleshooting & Error Fixes,How do I fix a blurry or low-resolution display issue in Windows?,"Right-click the desktop, select Display settings, and set the resolution to the monitor's native resolution (usually labeled 'Recommended'). For blurry apps specifically, right-click the app's shortcut, go to Properties > Compatibility, and enable 'Override high DPI scaling behavior'. Update GPU drivers as well."
Troubleshooting & Error Fixes,My Bluetooth device won't pair. How do I fix it?,"Make sure the Bluetooth device is in pairing mode (usually hold a button until the light flashes). On your computer, remove the device from Bluetooth settings and attempt to pair again fresh. Turn Bluetooth off and on. Update Bluetooth drivers. Ensure the device is within range and that no other device is currently connected to it."
Troubleshooting & Error Fixes,How do I fix 'insufficient disk space' errors even when the disk appears to have space?,"Windows Temp files, the Recycle Bin, or system restore points may be taking up hidden space. Run Disk Cleanup and also clean system files from it. Use WinDirStat or TreeSize Free to visualize exactly what's consuming disk space. Large log files in C:\Windows\Logs can sometimes grow very large."
Troubleshooting & Error Fixes,My webcam is not detected by my computer. How do I fix it?,"Check Device Manager for the webcam — if there's a yellow warning icon, right-click and update drivers. If the webcam doesn't appear at all, try a different USB port. Check privacy settings in Windows: Settings > Privacy > Camera must allow apps to access it. Test the webcam in a different application like the Camera app."
Troubleshooting & Error Fixes,How do I fix OneDrive sync errors?,"Click the OneDrive icon in the system tray to see error details. Common issues include files with unsupported characters in names, files exceeding size limits, or storage being full. Reset OneDrive by running 'onedrive.exe /reset' from Run (Windows+R). Sign out and back in from the OneDrive settings."
Troubleshooting & Error Fixes,My computer clock keeps losing time. How do I fix it?,The CMOS battery on the motherboard may be dying — it's a small coin-cell battery (usually CR2032) that maintains the BIOS settings including the clock when the PC is off. Replace it (usually costs under $5) and reconfigure BIOS settings. Enable automatic time sync in Windows: Settings > Time & Language > Sync Now.
Troubleshooting & Error Fixes,How do I fix slow internet speed on only one device when others are fine?,"The issue is with that specific device. Update the network adapter drivers. Forget and reconnect to the Wi-Fi network. Disable any VPN running on the device. Check for malware. In network adapter settings, set Speed & Duplex to 'Auto Negotiation'. On Wi-Fi, try moving closer to the router or switching frequency bands."
Troubleshooting & Error Fixes,How do I fix a game that keeps crashing to desktop?,"Update your GPU and DirectX drivers. Verify the game's file integrity through Steam or Epic Games Launcher. Check that your PC meets the game's minimum requirements, especially VRAM. Lower in-game graphics settings. Monitor temperatures with HWiNFO to check for thermal throttling. Disable overclocking if applied."
Troubleshooting & Error Fixes,How do I recover a Word document that wasn't saved?,"In Word, go to File > Info > Manage Document > Recover Unsaved Documents. Word autosaves drafts in a temp folder. Check C:\Users\[username]\AppData\Local\Microsoft\Office\UnsavedFiles. On Mac, look in ~/Library/Containers/com.microsoft.Word/Data/Library/Preferences/AutoRecovery. Enable AutoSave and increase the autosave frequency to minimize future data loss."
"Software & OS (Windows, Linux, macOS)",How do I enable Hyper-V on Windows 10?,"Go to Control Panel > Programs > Turn Windows features on or off. Check 'Hyper-V' and click OK. Your PC must have a 64-bit processor with SLAT support and at least 4 GB RAM. Hyper-V is only available on Windows 10 Pro, Enterprise, or Education editions."
"Software & OS (Windows, Linux, macOS)","What is the difference between sleep, hibernate, and shutdown in Windows?","Sleep saves your session to RAM and uses minimal power, resuming almost instantly. Hibernate saves the session to disk and uses no power, taking slightly longer to resume. Shutdown closes everything and uses no power. Use sleep for short breaks, hibernate for overnight, and shutdown for longer periods or updates."
"Software & OS (Windows, Linux, macOS)",How do I enable God Mode in Windows 10?,"Create a new folder on the desktop and rename it exactly to: GodMode.{ED7BA470-8E54-465E-825C-99712043E01C}. The folder icon will change to a Control Panel icon, giving you a single view of all Windows settings and administrative tools in one place."
"Software & OS (Windows, Linux, macOS)",How do I use the Windows Subsystem for Android?,"Install the Amazon Appstore from the Microsoft Store, which also installs Windows Subsystem for Android. Once set up, you can install and run Android apps on Windows 11. You can enable developer mode in WSA settings to sideload APK files directly."
"Software & OS (Windows, Linux, macOS)",What is Windows Sandbox and how do I use it?,"Windows Sandbox is a lightweight, isolated desktop environment for safely running untrusted software. Enable it in Windows Features (requires Windows 10/11 Pro). Each time you open Sandbox, it starts fresh — anything done inside is discarded when you close it, keeping your main system safe."
"Software & OS (Windows, Linux, macOS)",How do I change the default app for a file type in Windows?,"Right-click the file, select 'Open with' > 'Choose another app'. Select your preferred app and check 'Always use this app to open [file type] files'. You can also manage all file associations in Settings > Apps > Default Apps > Choose defaults by file type."
"Software & OS (Windows, Linux, macOS)",How do I reduce Windows update bandwidth usage?,Go to Settings > Update & Security > Windows Update > Advanced options > Delivery Optimization. You can limit the bandwidth used for downloading updates in the background and restrict how much bandwidth is used for uploading to other PCs.
"Software & OS (Windows, Linux, macOS)",What is the Windows Registry and what should I avoid changing?,The Registry is a hierarchical database storing OS and application settings. Avoid deleting or modifying keys unless you know exactly what they do. Never edit the Registry while troubleshooting unless guided by a reliable source. Always export a backup of a key before changing it via File > Export in Registry Editor.
"Software & OS (Windows, Linux, macOS)",How do I set up a scheduled task in Windows?,"Open Task Scheduler from the Start menu. Click 'Create Basic Task', give it a name, set a trigger (daily, weekly, at startup), and specify the action (run a program, script, or URL). Advanced tasks can be created with 'Create Task' for more granular conditions and settings."
"Software & OS (Windows, Linux, macOS)",How do I change the language in Windows 10?,"Go to Settings > Time & Language > Language. Click 'Add a language', select your language, and download it. Set it as the display language and sign out/in for changes to take effect. You can also add keyboard input methods for multilingual typing."
"Software & OS (Windows, Linux, macOS)",What is a DLL file in Windows?,A DLL (Dynamic Link Library) is a file containing code and data that can be used by multiple programs simultaneously. DLLs reduce code duplication and allow modular updates. 'DLL not found' errors occur when a program can't find the library it needs — reinstalling the app usually fixes this.
"Software & OS (Windows, Linux, macOS)",How do I check which version of .NET is installed on Windows?,"Open Command Prompt and run 'reg query HKLM\SOFTWARE\Microsoft\NET Framework Setup\NDP /s /v Version'. For .NET 5+, run 'dotnet --list-runtimes' if the .NET CLI is installed. You can also check in Programs and Features for installed .NET Framework versions."
"Software & OS (Windows, Linux, macOS)",How do I enable automatic login in Windows 10?,"Press Windows+R and type 'netplwiz'. Uncheck 'Users must enter a user name and password to use this computer', click Apply, and enter your password when prompted. Note that automatic login reduces security, especially on portable devices."
"Software & OS (Windows, Linux, macOS)","What is the difference between FAT32, exFAT, and NTFS?","FAT32 is widely compatible but limited to 4 GB max file size. exFAT removes the file size limit and works across Windows, macOS, and Linux — ideal for USB drives. NTFS supports large files, permissions, and journaling but has limited native write support on macOS without third-party software."
"Software & OS (Windows, Linux, macOS)",How do I use PowerShell to find large files?,"Open PowerShell and run: Get-ChildItem C:\ -Recurse -ErrorAction SilentlyContinue | Sort-Object Length -Descending | Select-Object -First 20 FullName, Length. This lists the 20 largest files on the C: drive. Adjust the path to search specific folders."
"Software & OS (Windows, Linux, macOS)",How do I enable clipboard history in Windows 10?,"Go to Settings > System > Clipboard and toggle 'Clipboard history' on. Press Windows+V to open the clipboard history panel, showing recently copied text, images, and HTML. You can pin frequently used items so they stay in the list permanently."
"Software & OS (Windows, Linux, macOS)",How do I repair Windows using the SFC tool?,"Open Command Prompt as administrator and run 'sfc /scannow'. This scans all protected system files and replaces corrupted ones with cached copies. If SFC reports errors it couldn't fix, follow up with 'DISM /Online /Cleanup-Image /RestoreHealth' to repair the component store first."
"Software & OS (Windows, Linux, macOS)",What is a swap file or virtual memory in Windows?,Virtual memory uses a portion of the hard drive as an extension of RAM when physical RAM is full. Windows manages the pagefile.sys automatically. You can customize it in System Properties > Advanced > Performance > Virtual Memory. Moving the pagefile to an SSD and increasing RAM are both options for improving performance.
"Software & OS (Windows, Linux, macOS)",How do I use Windows built-in backup?,"Go to Control Panel > Backup and Restore (Windows 7). Click 'Set up backup', choose a destination drive, and select what to back up. Windows can automatically back up files and create system images on a schedule. This is separate from File History, which tracks file version history."
"Software & OS (Windows, Linux, macOS)",How do I enable Night Light in Windows 10?,"Go to Settings > System > Display and toggle 'Night light' on. Click 'Night light settings' to adjust the color temperature and set a schedule, such as sunset to sunrise. Night Light reduces blue light emission, which may help reduce eye strain in low-light environments."
"Software & OS (Windows, Linux, macOS)",How do I use the Linux grep command?,"The grep command searches for patterns in text files. Basic syntax: 'grep pattern filename'. Use 'grep -r pattern /directory' to search recursively. 'grep -i' makes the search case-insensitive, and 'grep -n' shows line numbers. Combine with pipes: 'cat file.txt | grep error' to filter output."
"Software & OS (Windows, Linux, macOS)",What is the difference between apt and apt-get in Linux?,"apt is a newer, more user-friendly command that combines the most commonly used features of apt-get and apt-cache. apt-get is the older, more scriptable version. For interactive use, apt is preferred. For scripts, apt-get is still recommended for its stable interface."
"Software & OS (Windows, Linux, macOS)",How do I check disk I/O usage in Linux?,"Use 'iostat -x 1' (part of sysstat package) for real-time disk I/O statistics per device. The 'iotop' command shows disk I/O usage per process, similar to how top shows CPU usage. Install these tools with 'sudo apt install sysstat iotop'."
"Software & OS (Windows, Linux, macOS)",How do I set up SSH on a Linux server?,Install OpenSSH server with 'sudo apt install openssh-server'. The service starts automatically. Check it's running with 'sudo systemctl status ssh'. Connect from another machine with 'ssh username@server-ip'. Edit /etc/ssh/sshd_config to harden settings like disabling root login and password authentication.
"Software & OS (Windows, Linux, macOS)",What is a Linux init system and what is systemd?,"The init system is the first process run when Linux boots (PID 1), responsible for starting all other services. systemd is the modern init system used by most major distributions. Use 'systemctl start/stop/enable/disable servicename' to manage services. 'systemctl status servicename' shows current state and recent logs."
"Software & OS (Windows, Linux, macOS)",How do I monitor network traffic in Linux?,"Use 'netstat -tuln' to see listening ports and active connections, or the modern replacement 'ss -tuln'. Install 'nethogs' to see bandwidth usage per process. 'tcpdump' captures raw packets for analysis. For a graphical view, 'nload' or 'iftop' show real-time bandwidth usage per interface."
"Software & OS (Windows, Linux, macOS)",How do I manage packages with yum or dnf on Red Hat/CentOS/Fedora?,"Use 'dnf install packagename' to install, 'dnf remove packagename' to uninstall, and 'dnf update' to upgrade all packages. dnf replaced yum as the default package manager on Fedora and RHEL 8+. 'dnf search keyword' finds packages, and 'dnf info packagename' shows details about a package."
"Software & OS (Windows, Linux, macOS)",How do I configure network interfaces in Ubuntu using Netplan?,"Edit the YAML configuration file in /etc/netplan/ (e.g., /etc/netplan/00-installer-config.yaml). Define the interface name, whether to use DHCP or a static IP, and optional DNS settings. Run 'sudo netplan apply' to apply the configuration without rebooting."
"Software & OS (Windows, Linux, macOS)",How do I use the awk command in Linux?,"awk is a text processing tool for extracting and manipulating data. 'awk '{print $1}' file.txt' prints the first field of each line. 'awk -F: '{print $1}' /etc/passwd' uses colon as delimiter to print usernames. awk supports conditionals, loops, and arithmetic for complex text transformations."
"Software & OS (Windows, Linux, macOS)",What is SELinux and how does it affect my Linux system?,"SELinux (Security-Enhanced Linux) is a mandatory access control system that enforces security policies beyond standard Unix permissions. It can prevent processes from accessing files or network ports they shouldn't, even if standard permissions would allow it. 'getenforce' shows current mode; use 'setenforce permissive' to troubleshoot SELinux-related denials."
"Software & OS (Windows, Linux, macOS)",How do I create a bootable USB drive for Linux?,"Download the Linux distribution's ISO file. On Windows, use Rufus or balenaEtcher. On macOS or Linux, use balenaEtcher or the 'dd' command: 'sudo dd if=linux.iso of=/dev/sdX bs=4M status=progress' (replace /dev/sdX with your USB device). Double-check the device path before running dd to avoid overwriting the wrong disk."
"Software & OS (Windows, Linux, macOS)",How do I set up automatic updates on macOS?,"Go to System Preferences > Software Update and check 'Automatically keep my Mac up to date'. Click 'Advanced' to configure which types of updates install automatically — including OS updates, app updates, and security responses. Keeping macOS updated is important for security and compatibility."
"Software & OS (Windows, Linux, macOS)",How do I use Spotlight Search on a Mac?,"Press Command+Space to open Spotlight. Type your search query to find files, apps, contacts, emails, web results, and more. Spotlight can also perform calculations, unit conversions, and dictionary lookups. You can configure which categories Spotlight searches in System Preferences > Spotlight."
"Software & OS (Windows, Linux, macOS)",What is macOS Gatekeeper and how does it work?,"Gatekeeper is a macOS security feature that prevents malicious software from running. By default, it only allows apps from the Mac App Store and identified developers. If you try to open an app blocked by Gatekeeper, right-click it and choose 'Open' to bypass the warning once. Adjust the setting in System Preferences > Security & Privacy."
"Software & OS (Windows, Linux, macOS)",How do I use Time Machine to restore a specific file on Mac?,"Open the folder where the file was located, then launch Time Machine from the Menu Bar or Applications. Use the timeline on the right to go back to a date when the file existed. Select the file and click 'Restore' to bring it back. Time Machine restores the file to its original location."
"Software & OS (Windows, Linux, macOS)",What is Rosetta 2 on Apple Silicon Macs?,"Rosetta 2 is a translation layer that allows apps built for Intel Macs to run on Apple Silicon (M1, M2, M3) Macs. It translates x86_64 instructions to ARM at install time or first launch. Most Intel apps work transparently through Rosetta 2. Developers can rebuild apps as Universal Binaries to run natively on both architectures."
"Software & OS (Windows, Linux, macOS)",How do I free up RAM on macOS?,"macOS manages RAM automatically using memory compression and swapping. To free up RAM, quit apps you're not using — use Command+Q to fully quit rather than just closing windows. You can use the 'purge' command in Terminal to flush disk cache. Adding more physical RAM is the most effective long-term solution."
"Software & OS (Windows, Linux, macOS)",How do I use the macOS Terminal to navigate directories?,"Use 'cd directory_name' to enter a folder, 'cd ..' to go up one level, and 'cd ~' to go to your home directory. 'ls' lists files, 'ls -la' shows hidden files and details. 'pwd' prints the current directory path. 'mkdir foldername' creates a new directory."
"Software & OS (Windows, Linux, macOS)",What is the difference between POP3 and IMAP for email?,"POP3 downloads emails to your device and typically deletes them from the server — useful if you only access email from one device. IMAP keeps emails on the server and syncs across all devices, making it better for multi-device access. Most modern email clients and services default to IMAP."
"Software & OS (Windows, Linux, macOS)",How do I convert a PDF to Word document format?,"Microsoft Word (2013 and later) can open PDF files and convert them — just open the file in Word. Adobe Acrobat's Export PDF feature is the most accurate option. Free online tools like Smallpdf, ILovePDF, and Adobe's online tools can also convert PDFs to DOCX format, though complex formatting may not convert perfectly."
"Software & OS (Windows, Linux, macOS)",What is a VirtualBox Guest Additions and how do I install it?,"Guest Additions is a package of drivers and utilities installed inside a VirtualBox VM that improves performance and enables features like shared folders, shared clipboard, drag-and-drop, and automatic window resizing. In VirtualBox with the VM running, go to Devices > Insert Guest Additions CD image and run the installer inside the VM."
"Software & OS (Windows, Linux, macOS)",How do I use the diff command in Linux?,"The 'diff file1.txt file2.txt' command shows the differences between two files. Lines preceded by '<' are from file1, and '>' from file2. Use 'diff -u' for unified format, which is easier to read. 'diff -r dir1 dir2' compares two directories recursively."
"Software & OS (Windows, Linux, macOS)",What is a shell script and how do I run one in Linux?,"A shell script is a text file containing a sequence of shell commands. Create one by starting the file with '#!/bin/bash', adding your commands, and saving with a .sh extension. Make it executable with 'chmod +x script.sh', then run it with './script.sh'. Scripts automate repetitive tasks."
"Software & OS (Windows, Linux, macOS)",How do I zip and unzip files on macOS?,"To zip a file or folder in Finder, right-click it and select 'Compress'. To unzip, double-click the .zip file. In Terminal, use 'zip -r archive.zip folder/' to create a zip and 'unzip archive.zip' to extract. macOS also supports .tar.gz archives via the 'tar' command."
"Software & OS (Windows, Linux, macOS)",What is the Windows Group Policy Editor and who can use it?,"The Group Policy Editor (gpedit.msc) lets administrators configure Windows settings centrally, such as password policies, software restrictions, and user permissions. It's available on Windows 10/11 Pro, Enterprise, and Education editions. Home edition users can achieve similar results through Registry edits. Access it via Run > gpedit.msc."
"Software & OS (Windows, Linux, macOS)",How do I set up printer sharing on a Windows network?,"On the PC with the printer, go to Settings > Devices > Printers & Scanners, select the printer, click Manage, then 'Printer properties'. Go to the Sharing tab and check 'Share this printer'. On the other PC, go to Printers & Scanners > Add a printer > select the shared printer from the network."
"Software & OS (Windows, Linux, macOS)",How do I use the Windows Task Scheduler to run a Python script?,"Open Task Scheduler and create a new task. Set the trigger (e.g., daily at a specific time). For the action, set the program to 'python.exe' (or the full path), and the argument to the script path (e.g., C:\scripts\myscript.py). Ensure the task runs under an account with the necessary permissions."
"Software & OS (Windows, Linux, macOS)",What is the difference between a 32-bit and 64-bit application?,"A 32-bit application can access up to 4 GB of RAM regardless of how much the system has, while a 64-bit application can access significantly more. On 64-bit Windows, both can run. 32-bit apps are stored in C:\Program Files (x86). For best performance, use 64-bit versions when available."
"Software & OS (Windows, Linux, macOS)",How do I use the Windows Event Viewer?,"Open Event Viewer by searching in the Start menu. Navigate to Windows Logs > Application, Security, or System to see event logs. Each event has an ID, source, and description. Filter events by level (Error, Warning, Information) to find issues. Event IDs can be searched online for detailed explanations."
"Software & OS (Windows, Linux, macOS)",How do I set up a LAMP stack on Ubuntu?,"Install Apache with 'sudo apt install apache2', MySQL with 'sudo apt install mysql-server', and PHP with 'sudo apt install php libapache2-mod-php php-mysql'. Restart Apache with 'sudo systemctl restart apache2'. Test PHP by creating /var/www/html/info.php with '<?php phpinfo(); ?>'."
"Software & OS (Windows, Linux, macOS)",What is Docker and how is it different from a virtual machine?,"Docker runs applications in lightweight containers that share the host OS kernel, making them faster and more resource-efficient than VMs. VMs include a full OS per instance. Docker containers are portable — a Dockerized app runs the same on any machine with Docker installed. Use Docker for app deployment; VMs for full OS isolation."
"Software & OS (Windows, Linux, macOS)",How do I list all installed packages on Ubuntu?,Run 'dpkg --list' or 'apt list --installed' in the terminal to see all installed packages. Use 'dpkg --list | grep packagename' to search for a specific package. 'apt show packagename' gives detailed information about a specific installed package.
"Software & OS (Windows, Linux, macOS)",How do I configure a static hostname in Linux?,Edit /etc/hostname with your preferred hostname. Also update /etc/hosts to map the new hostname to 127.0.0.1. Run 'sudo hostnamectl set-hostname newhostname' to change it immediately without rebooting. Verify with 'hostname' command.
"Software & OS (Windows, Linux, macOS)",What is the purpose of the /etc/fstab file in Linux?,"The /etc/fstab file defines how disk partitions, filesystems, and remote filesystems (NFS, Samba) are automatically mounted at boot. Each line specifies the device, mount point, filesystem type, mount options, and backup/check settings. Errors in fstab can prevent the system from booting — always test with 'sudo mount -a' before rebooting."
"Software & OS (Windows, Linux, macOS)",How do I check open ports on a Linux system?,Use 'ss -tuln' or 'netstat -tuln' to list all listening TCP and UDP ports with the associated process. 'sudo lsof -i :portnumber' shows which process is using a specific port. 'nmap localhost' performs a port scan of the local machine (requires nmap installation).
"Software & OS (Windows, Linux, macOS)",What is the difference between hard links and symbolic links in Linux?,"A hard link is a direct reference to the same inode (data on disk) — deleting the original file leaves the link intact. A symbolic (soft) link is a pointer to the file path — if the original is deleted, the symlink breaks. Create hard links with 'ln file link' and symlinks with 'ln -s target linkname'."
"Software & OS (Windows, Linux, macOS)",How do I set up a cron job to run every 5 minutes?,"Run 'crontab -e' and add the line: '*/5 * * * * /path/to/command'. The */5 syntax means 'every 5 minutes'. Ensure the command is executable and uses absolute paths, since cron runs in a minimal environment without your shell's PATH variable."
"Software & OS (Windows, Linux, macOS)",How do I check memory usage per process in Linux?,Use 'ps aux --sort=-%mem | head -20' to list the top 20 processes by memory usage. 'top' or 'htop' shows real-time memory per process. '/proc/meminfo' contains detailed system-wide memory statistics. 'smem' provides more accurate memory accounting by considering shared memory.
"Software & OS (Windows, Linux, macOS)",How do I install Wine on Ubuntu to run Windows apps?,Add the WineHQ repository and install wine with 'sudo apt install wine'. Run a Windows executable with 'wine program.exe'. Use 'winecfg' to configure the Wine environment. PlayOnLinux and Bottles are graphical frontends that make managing Wine prefixes easier.
"Software & OS (Windows, Linux, macOS)",How do I enable the root account on macOS?,"Go to System Preferences > Users & Groups > Login Options, click 'Join' next to Network Account Server, then 'Open Directory Utility'. In Directory Utility, go to Edit > Enable Root User and set a password. Note: using the root account is generally discouraged; use 'sudo' for administrative tasks instead."
"Software & OS (Windows, Linux, macOS)",How do I use iCloud Drive on a Windows PC?,"Download iCloud for Windows from the Microsoft Store or Apple's website. Sign in with your Apple ID and select which iCloud features to sync, including iCloud Drive. Your iCloud Drive files appear in File Explorer under 'iCloud Drive'. Files marked with a cloud icon are stored only in iCloud and need to be downloaded."
"Software & OS (Windows, Linux, macOS)",What is Windows Defender Application Guard?,"Windows Defender Application Guard runs Microsoft Edge in an isolated Hyper-V container, so malicious websites cannot access your main OS. Enable it in Windows Features (requires Windows 10/11 Pro, Enterprise, or Education). It's particularly useful for enterprise environments where users may browse untrusted sites."
"Software & OS (Windows, Linux, macOS)",How do I change the default shell in Linux?,Use 'chsh -s /bin/zsh' (or your preferred shell path) to change your default login shell. You'll need to log out and back in for the change to take effect. Find available shells in /etc/shells. 'echo $SHELL' shows your current shell.
"Software & OS (Windows, Linux, macOS)",How do I use rsync to back up files in Linux?,"Basic rsync: 'rsync -avz /source/ /destination/'. The -a flag preserves permissions and timestamps, -v is verbose, -z compresses during transfer. For remote backup over SSH: 'rsync -avz /local/path/ user@server:/remote/path/'. Add --delete to remove files from the destination that no longer exist in the source."
"Software & OS (Windows, Linux, macOS)",What is a kernel panic in Linux and what causes it?,"A kernel panic is a fatal error from which the Linux kernel cannot recover, similar to a Windows BSOD. Causes include hardware failures (bad RAM, overheating), corrupted kernel modules, or incompatible drivers. Check /var/log/kern.log or use 'journalctl -k' for kernel messages to diagnose the cause."
"Software & OS (Windows, Linux, macOS)",How do I use the sed command in Linux?,"sed (stream editor) modifies text in a file or stream. 'sed 's/old/new/g' file.txt' replaces all occurrences of 'old' with 'new'. Use '-i' to edit the file in place: 'sed -i 's/error/warning/g' log.txt'. sed also supports deleting lines, inserting text, and applying complex regex patterns."
"Software & OS (Windows, Linux, macOS)",How do I set up two-factor authentication for SSH login?,Install Google Authenticator PAM module: 'sudo apt install libpam-google-authenticator'. Run 'google-authenticator' as the user to generate a QR code. Edit /etc/pam.d/sshd to add 'auth required pam_google_authenticator.so'. Set 'ChallengeResponseAuthentication yes' in /etc/ssh/sshd_config and restart SSH.
"Software & OS (Windows, Linux, macOS)",How do I find which process is using a specific port in Windows?,"Open Command Prompt and run 'netstat -ano | findstr :portnumber'. Note the PID in the last column. Then open Task Manager > Details tab and find the process with that PID. Alternatively, run 'Get-Process -Id (Get-NetTCPConnection -LocalPort portnumber).OwningProcess' in PowerShell."
"Software & OS (Windows, Linux, macOS)",How do I create a Windows system restore point?,"Search for 'Create a restore point' in the Start menu. In System Properties, click 'Create', give it a name, and click OK. Windows creates a snapshot of system files and registry. If something goes wrong later, go to the same panel and click 'System Restore' to revert to this point."
"Software & OS (Windows, Linux, macOS)",What is Git and how do I set it up on Windows?,"Git is a distributed version control system for tracking code changes. Download and install Git from git-scm.com. After installation, open Git Bash and configure your identity: 'git config --global user.name Your Name' and 'git config --global user.email you@example.com'. Use 'git init' to start tracking a project."
"Software & OS (Windows, Linux, macOS)",How do I enable Windows 11 on unsupported hardware?,Microsoft provides workarounds via Registry edits to bypass TPM 2.0 and CPU checks. Add a registry key under HKEY_LOCAL_MACHINE\SYSTEM\Setup\MoSetup with value AllowUpgradesWithUnsupportedTPMOrCPU set to 1. Note that Microsoft doesn't officially support or guarantee updates for unsupported hardware.
"Software & OS (Windows, Linux, macOS)",How do I use the find command to run actions on files in Linux?,Use 'find /path -name pattern -exec command {} \;' to execute a command on each found file. Example: 'find /tmp -name *.log -exec rm {} \;' deletes all .log files in /tmp. Use '-mtime +30' to find files older than 30 days. 'find . -type f -size +100M' finds files larger than 100 MB.
"Software & OS (Windows, Linux, macOS)",What is POSIX and why does it matter?,"POSIX (Portable Operating System Interface) is a set of standards defining how operating systems should behave, ensuring compatibility of software across Unix-like systems. Applications written to POSIX standards run on Linux, macOS, and other Unix systems without modification. It defines APIs, command-line utilities, and shell behavior."
"Software & OS (Windows, Linux, macOS)",How do I install and use Homebrew on macOS?,"Install Homebrew by running the official command from brew.sh in Terminal. Once installed, 'brew install packagename' installs CLI tools and software. 'brew install --cask appname' installs GUI apps. 'brew update && brew upgrade' keeps everything current. 'brew doctor' diagnoses issues with your installation."
"Software & OS (Windows, Linux, macOS)",How do I pin taskbar items in Windows 11?,"Right-click an open application in the taskbar and select 'Pin to taskbar'. To pin from the Start menu, right-click the app tile and choose 'Pin to taskbar'. To reorder pinned apps, drag them along the taskbar. Right-click a pinned icon and select 'Unpin from taskbar' to remove it."
"Software & OS (Windows, Linux, macOS)",How do I use the Windows 'robocopy' command?,Robocopy (Robust File Copy) is an advanced file copy utility. Basic usage: 'robocopy source destination /e' copies all subdirectories including empty ones. Add /mir to mirror the source (deletes from destination what's no longer in source). /z enables restartable mode for large file transfers. It's more reliable than xcopy for large backup jobs.
"Software & OS (Windows, Linux, macOS)",What is BIOS vs UEFI and what is Secure Boot?,"BIOS (Basic Input/Output System) is the older firmware interface that initializes hardware and boots the OS. UEFI (Unified Extensible Firmware Interface) is the modern replacement offering faster boot, support for drives larger than 2 TB, and a graphical interface. Secure Boot is a UEFI feature that prevents unauthorized bootloaders and malware from loading during startup."
"Software & OS (Windows, Linux, macOS)",How do I use Spotlight in macOS to quickly open apps?,"Press Command+Space to open Spotlight and start typing the app name. Spotlight shows matches as you type — press Enter to open the top result or use arrow keys to select. This is faster than navigating to the Applications folder. Spotlight also searches files, emails, contacts, and the web simultaneously."
"Software & OS (Windows, Linux, macOS)",How do I check and repair disk errors on macOS?,"Open Disk Utility from Applications > Utilities. Select your disk or partition and click 'First Aid', then 'Run'. Disk Utility checks for and repairs filesystem errors. For the startup disk, boot from macOS Recovery (Command+R at startup) and run First Aid from there."
"Software & OS (Windows, Linux, macOS)",How do I set up a RAID array in macOS using Disk Utility?,"Open Disk Utility and choose Edit > RAID Assistant. Select the RAID type (Mirrored for redundancy, Striped for performance, or Concatenated). Add the disks you want to include and give the RAID set a name. Note that Disk Utility's RAID is software-based, and Apple Silicon Macs do not support all RAID configurations."
"Software & OS (Windows, Linux, macOS)",How do I use the macOS 'defaults' command?,"The 'defaults' command lets you read and write macOS preference files from the Terminal. Example: 'defaults write com.apple.dock autohide-delay -float 0' removes the Dock auto-hide delay. 'defaults read com.apple.finder' shows all Finder preferences. After changing defaults, restart the app with 'killall Dock' or 'killall Finder'."
"Software & OS (Windows, Linux, macOS)",How do I disable System Integrity Protection (SIP) on macOS?,Boot into macOS Recovery (Command+R for Intel Macs or hold power on Apple Silicon). Open Terminal from the Utilities menu and run 'csrutil disable'. Restart your Mac. SIP protects core system files from modification — only disable it if you have a specific technical need and understand the security implications.
"Software & OS (Windows, Linux, macOS)",What is the macOS Keychain and how do I manage it?,"The Keychain stores passwords, certificates, and keys securely. Open Keychain Access from Applications > Utilities to view, add, or delete stored items. If you're locked out of a Keychain, you can reset your login keychain in Keychain Access > Keychain Access menu > Preferences > Reset My Default Keychain. Safari and other apps automatically save to Keychain."
"Software & OS (Windows, Linux, macOS)",How do I migrate data from one Mac to another using Migration Assistant?,"On the new Mac, open Migration Assistant from Applications > Utilities. On the old Mac, also open Migration Assistant. Connect both Macs via Thunderbolt, USB-C cable, or ensure they're on the same Wi-Fi network. Follow the prompts to transfer user accounts, apps, and files. The process can take from minutes to hours depending on data size."
"Software & OS (Windows, Linux, macOS)",How do I enable SSH on macOS?,Go to System Preferences > Sharing and check 'Remote Login'. This starts the SSH daemon and allows SSH access. The dialog shows the SSH command to connect. Restrict access to specific users by selecting 'Only these users' and adding them. You can also enable SSH via Terminal with 'sudo systemsetup -setremotelogin on'.
"Software & OS (Windows, Linux, macOS)",What is the difference between .app and .dmg files on macOS?,A .dmg (Disk Image) is a container file that mounts as a virtual disk — it usually contains a .app file that you drag to the Applications folder. A .app is a self-contained application bundle (actually a folder with a specific structure). Some .dmg files include a PKG installer instead of a .app.
"Software & OS (Windows, Linux, macOS)",How do I use macOS Automator to automate tasks?,"Open Automator from Applications. Choose a workflow type (Application, Quick Action, Folder Action, etc.). Use the library panel on the left to drag actions into the workflow. For example, create a workflow that resizes images in bulk: add 'Get Specified Finder Items', then 'Scale Images'. Save and run. No coding required."
"Software & OS (Windows, Linux, macOS)",How do I use Homebrew Cask to install macOS applications?,"After installing Homebrew, use 'brew install --cask appname' to install GUI applications. For example, 'brew install --cask google-chrome' installs Chrome. 'brew list --cask' shows installed casks. 'brew upgrade --cask' updates all cask applications. This is convenient for keeping software up to date from the command line."
"Software & OS (Windows, Linux, macOS)",How do I configure sudoers in Linux?,"Edit the sudoers file safely using 'sudo visudo', which validates syntax before saving. Add a line like 'username ALL=(ALL) NOPASSWD:ALL' to grant passwordless sudo to a user. Grant specific command access: 'username ALL=(ALL) /usr/bin/apt'. Never edit /etc/sudoers directly with a text editor — a syntax error can lock you out."
"Software & OS (Windows, Linux, macOS)",What is a Linux container (LXC) and how is it different from Docker?,LXC (Linux Containers) provides OS-level virtualization running a full Linux userspace within a container. Docker (which originally used LXC) focuses on single-application containers with its own image format and ecosystem. LXC containers behave more like lightweight VMs; Docker containers are designed to run a single process or service.
"Software & OS (Windows, Linux, macOS)",How do I resize a partition in Linux without losing data?,"Use GParted (graphical) or parted (command line) to resize partitions. You can shrink NTFS or ext4 partitions, but the filesystem must be unmounted. Boot from a live USB with GParted, right-click the partition, and choose 'Resize/Move'. For the root partition, always back up first as mistakes can result in data loss."
"Software & OS (Windows, Linux, macOS)",How do I use the 'screen' or 'tmux' command to keep processes running after logout?,"Both screen and tmux are terminal multiplexers. Start a session with 'screen' or 'tmux'. Run your command, then detach from screen with Ctrl+A D or from tmux with Ctrl+B D. Log out — the process continues. Re-attach with 'screen -r' or 'tmux attach'. Tmux is more modern and feature-rich."
"Software & OS (Windows, Linux, macOS)",How do I view and kill processes in macOS Terminal?,Use 'ps aux' to list all processes or 'top' for real-time view. Find a process by name with 'pgrep processname'. Kill it with 'kill PID' for a graceful stop or 'kill -9 PID' to force kill. 'pkill processname' kills by name. Activity Monitor provides the same functionality graphically.
"Software & OS (Windows, Linux, macOS)",How do I install fonts on Windows 10?,"Download the font file (.ttf or .otf). Right-click the file and select 'Install' to install for the current user, or 'Install for all users' to make it available system-wide. Fonts are stored in C:\Windows\Fonts. After installation, the font appears in all applications that list available fonts."
"Software & OS (Windows, Linux, macOS)",What is Windows Preinstallation Environment (WinPE)?,"WinPE is a minimal Windows environment used for deploying, troubleshooting, and repairing Windows installations. It boots from a USB drive or network and provides access to Command Prompt, disk tools, and recovery utilities. IT professionals use WinPE for imaging computers, running diagnostics, and repairing unbootable systems."
"Software & OS (Windows, Linux, macOS)",How do I change the default save location in Windows?,"Go to Settings > System > Storage > Change where new content is saved. Here you can set the default location for apps, documents, music, pictures, and videos to a different drive. This is especially useful if you have a small SSD for the OS and a larger drive for data storage."
"Software & OS (Windows, Linux, macOS)",How do I use the Windows XPS viewer?,"XPS (XML Paper Specification) is Microsoft's alternative to PDF. Open an XPS file by double-clicking it — Windows includes a built-in XPS Viewer. You can print to XPS from any application using the 'Microsoft XPS Document Writer' printer. Edge browser can also open XPS files. For wider compatibility, convert XPS to PDF using online tools."
"Software & OS (Windows, Linux, macOS)",How do I use PowerShell to manage services?,"Use 'Get-Service' to list all services and their status. 'Start-Service servicename' and 'Stop-Service servicename' control services. 'Set-Service -Name servicename -StartupType Automatic' sets startup type. For remote management, add '-ComputerName hostname' to most cmdlets."
"Software & OS (Windows, Linux, macOS)",How do I enable disk quotas in Windows?,"Open File Explorer, right-click a drive (must be NTFS), select Properties > Quota tab. Check 'Enable quota management'. Set a default limit and warning level. You can also set per-user limits by clicking 'Quota Entries'. Disk quotas prevent single users from consuming all available disk space on a shared system."
"Software & OS (Windows, Linux, macOS)",What is Windows LAPS (Local Administrator Password Solution)?,"Windows LAPS is a Microsoft tool that automatically manages and rotates the local administrator password on domain-joined computers. Passwords are stored in Active Directory and are unique per device, reducing the risk of lateral movement attacks where attackers use one shared local admin password across many machines."
"Software & OS (Windows, Linux, macOS)",How do I use curl to test an API endpoint?,"Use 'curl -X GET https://api.example.com/endpoint' for a GET request. For POST with JSON data: 'curl -X POST -H ""Content-Type: application/json"" -d '{""key"":""value""}' https://api.example.com/endpoint'. Add '-v' for verbose output and '-o filename' to save the response to a file."
"Software & OS (Windows, Linux, macOS)",How do I install Python on Windows?,"Download the installer from python.org. During installation, check 'Add Python to PATH' before clicking Install. Verify with 'python --version' in Command Prompt. Use 'pip install packagename' to install libraries. Consider using Python virtual environments ('python -m venv env') to isolate project dependencies."
"Software & OS (Windows, Linux, macOS)",What is an ISO file and how do I mount it in Windows?,"An ISO file is a disk image containing the exact contents of a CD, DVD, or Blu-ray. In Windows 10/11, double-click an ISO to mount it as a virtual drive — it appears as a new drive letter in File Explorer. Right-click and 'Eject' to unmount it. ISOs are commonly used for OS installation media and software distribution."
"Software & OS (Windows, Linux, macOS)",How do I use Hyper-V to create a virtual machine on Windows?,"Open Hyper-V Manager from the Start menu. Click 'New > Virtual Machine' in the right panel. Follow the wizard to set the name, generation (Gen 2 for modern OSes), memory, network, and virtual hard disk. Attach an ISO for OS installation. Start the VM and complete the OS setup as on a physical machine."
"Software & OS (Windows, Linux, macOS)",How do I set up Windows Hello for passwordless login?,"Go to Settings > Accounts > Sign-in options. Under Windows Hello, set up either Face recognition, Fingerprint, or PIN. Each method requires compatible hardware. Once configured, you can sign in with just your face, fingerprint, or a short PIN instead of typing your full password."
"Software & OS (Windows, Linux, macOS)",What is the difference between a local account and a Microsoft account in Windows?,"A local account exists only on your PC and doesn't sync settings or data to other devices. A Microsoft account (using an email) syncs settings, passwords, and OneDrive files across all your Windows devices and provides access to the Microsoft Store. You can switch between them in Settings > Accounts."
"Software & OS (Windows, Linux, macOS)",How do I use DISM to service Windows images?,DISM (Deployment Image Servicing and Management) manages Windows image files. 'DISM /Online /Cleanup-Image /RestoreHealth' repairs Windows component store corruption by downloading files from Windows Update. 'DISM /Online /Get-Packages' lists installed packages. DISM is often used before or after running SFC to fix stubborn system file issues.
"Software & OS (Windows, Linux, macOS)",How do I enable and configure Windows Subsystem for Linux 2 (WSL2)?,"Run 'wsl --install' in PowerShell as administrator to install WSL2 with Ubuntu. Set WSL2 as default with 'wsl --set-default-version 2'. Install other distros with 'wsl --install -d DistroName'. WSL2 runs a real Linux kernel in a lightweight VM, offering better filesystem performance and full system call compatibility compared to WSL1."
"Software & OS (Windows, Linux, macOS)",How do I use the Windows 'netsh' command?,netsh (Network Shell) configures network settings. 'netsh interface ip show config' displays IP settings. 'netsh wlan show profiles' lists saved Wi-Fi networks. 'netsh wlan show profile name=WiFiName key=clear' reveals the saved Wi-Fi password. 'netsh int ip reset' resets TCP/IP stack to fix network issues.
"Software & OS (Windows, Linux, macOS)",How do I configure Windows Defender Firewall rules?,"Open Windows Defender Firewall with Advanced Security from the Start menu. Click 'Inbound Rules' or 'Outbound Rules', then 'New Rule'. Choose rule type (Program, Port, Predefined, or Custom). Specify the program or port, choose Allow or Block, and select which network profiles the rule applies to. Name and save the rule."
"Software & OS (Windows, Linux, macOS)",What is the Windows 'hosts' file and how do I edit it?,"The hosts file (C:\Windows\System32\drivers\etc\hosts) maps hostnames to IP addresses, overriding DNS. It's used to block websites (point to 127.0.0.1) or redirect domains for development. Edit it with Notepad run as administrator. Changes take effect immediately. Be cautious — malware sometimes modifies the hosts file."
"Software & OS (Windows, Linux, macOS)",How do I use PowerShell remoting?,"Enable remoting on the remote computer with 'Enable-PSRemoting -Force'. Connect from your machine with 'Enter-PSSession -ComputerName hostname -Credential user'. You can run commands on the remote machine as if you were there. For bulk operations, 'Invoke-Command -ComputerName host1,host2 -ScriptBlock {commands}' is used."
"Software & OS (Windows, Linux, macOS)",How do I find my product key for Windows?,"Run 'wmic path softwarelicensingservice get OA3xOriginalProductKey' in Command Prompt to retrieve the OEM key embedded in the firmware. For retail keys stored in the registry, use a third-party tool like ProduKey or ShowKeyPlus. Note that Windows 10/11 activations are now tied to your Microsoft account rather than a static key."
"Software & OS (Windows, Linux, macOS)",How do I use the Linux 'ps' command to find zombie processes?,"A zombie process has finished but its parent hasn't acknowledged its exit. Run 'ps aux | grep Z' to find zombie processes (they show 'Z' in the STAT column). Zombies can't be killed directly — kill the parent process instead, which causes them to be cleaned up. Persistent zombies indicate a bug in the parent application."
"Software & OS (Windows, Linux, macOS)",How do I configure log rotation in Linux?,"Log rotation is handled by logrotate, configured in /etc/logrotate.conf and /etc/logrotate.d/. Each config file specifies the log path, rotation frequency (daily, weekly, monthly), number of files to keep, compression, and post-rotation scripts. Run 'sudo logrotate -f /etc/logrotate.conf' to force rotation manually."
"Software & OS (Windows, Linux, macOS)",What is the difference between /dev/sda and /dev/nvme0n1 in Linux?,"'/dev/sda' refers to SATA or SAS drives (sda = first, sdb = second, etc.). '/dev/nvme0n1' refers to NVMe SSDs connected via PCIe (nvme0 = first controller, n1 = first namespace). Partitions are '/dev/sda1', '/dev/sda2' for SATA and '/dev/nvme0n1p1', '/dev/nvme0n1p2' for NVMe."
"Software & OS (Windows, Linux, macOS)",How do I use the Linux 'strace' command for debugging?,"strace traces system calls made by a process. 'strace command' runs a command with tracing. 'strace -p PID' attaches to a running process. It's useful for diagnosing why a program fails — you can see which files it tries to open, which syscalls fail, and what network connections it makes. Use '-e trace=file' to filter to file-related calls only."
"Software & OS (Windows, Linux, macOS)",How do I mount a Samba share in Linux?,"Install cifs-utils with 'sudo apt install cifs-utils'. Mount with: 'sudo mount -t cifs //server/sharename /mnt/point -o username=user,password=pass'. For auto-mounting at boot, add the entry to /etc/fstab with 'credentials=/etc/samba/creds' pointing to a file with username/password to avoid storing them in plaintext in fstab."
"Software & OS (Windows, Linux, macOS)",How do I use the 'lsof' command in Linux?,lsof (list open files) shows all files opened by processes. 'lsof /path/to/file' shows which process has that file open. 'lsof -i :80' shows processes using port 80. 'lsof -u username' lists all files opened by a user. It's invaluable for troubleshooting 'device busy' errors and understanding what a process is doing.
"Software & OS (Windows, Linux, macOS)",How do I check and set system timezone in Linux?,"Run 'timedatectl' to see current timezone and NTP sync status. Set timezone with 'sudo timedatectl set-timezone Region/City' (e.g., 'Asia/Kuala_Lumpur'). List all available timezones with 'timedatectl list-timezones'. The timezone is stored in /etc/localtime as a symlink to the appropriate zone file."
"Software & OS (Windows, Linux, macOS)",How do I compile a C program in Linux?,Install GCC with 'sudo apt install build-essential'. Compile with 'gcc -o outputname sourcefile.c'. For multiple source files: 'gcc -o program file1.c file2.c'. Add '-Wall' for all warnings and '-g' for debug symbols. Run the compiled program with './outputname'. Makefiles automate the build process for larger projects.
"Software & OS (Windows, Linux, macOS)",How do I use 'iptables' to create a basic firewall in Linux?,"Allow established connections: 'iptables -A INPUT -m conntrack --ctstate ESTABLISHED,RELATED -j ACCEPT'. Allow SSH: 'iptables -A INPUT -p tcp --dport 22 -j ACCEPT'. Drop everything else: 'iptables -A INPUT -j DROP'. Save rules with 'iptables-save > /etc/iptables/rules.v4'. Most modern systems use nftables or firewalld instead."
"Software & OS (Windows, Linux, macOS)",How do I use the macOS 'diskutil' command?,'diskutil list' shows all disks and partitions. 'diskutil info /dev/disk0' gives details about a disk. 'diskutil eraseDisk APFS DiskName /dev/disk2' formats a disk. 'diskutil mountDisk /dev/disk2' mounts all partitions on a disk. 'diskutil repairVolume /dev/disk0s2' runs a filesystem repair.
"Software & OS (Windows, Linux, macOS)",How do I use macOS launchd to schedule tasks?,"Create a .plist file in ~/Library/LaunchAgents/ (user) or /Library/LaunchDaemons/ (system). Define the label, program path, and schedule using StartCalendarInterval or StartInterval keys. Load with 'launchctl load ~/Library/LaunchAgents/com.example.task.plist'. launchctl is the macOS equivalent of cron and systemctl combined."
"Software & OS (Windows, Linux, macOS)",What is APFS and how does it differ from HFS+?,"APFS (Apple File System) is Apple's modern filesystem introduced in 2017, replacing HFS+. APFS supports native encryption, snapshots, space sharing between volumes, and is optimized for SSDs. HFS+ was designed for spinning disks and lacks these features. Macs with macOS High Sierra or later automatically use APFS on SSDs."
"Software & OS (Windows, Linux, macOS)",How do I use iCloud Keychain on macOS?,"Go to System Preferences > Apple ID > iCloud and enable Keychain. Safari will then offer to save and autofill passwords stored in iCloud Keychain, synced across all your Apple devices. Manage saved passwords in Safari > Preferences > Passwords or in the Passwords app (macOS Monterey and later)."
"Software & OS (Windows, Linux, macOS)",How do I use Boot Camp to run Windows on a Mac?,"Open Boot Camp Assistant from Applications > Utilities. Provide a Windows ISO file and allocate disk space for the Windows partition. Boot Camp partitions your drive, installs Windows, and provides drivers. Hold Option at startup to choose between macOS and Windows. Note: Boot Camp is not available on Apple Silicon Macs."
"Software & OS (Windows, Linux, macOS)",How do I fix 'command not found' errors in Linux Terminal?,"The command either isn't installed or isn't in your PATH. Check with 'which commandname' or 'type commandname'. Install missing tools with apt, dnf, or your package manager. If the tool is installed but not found, add its directory to PATH: 'export PATH=$PATH:/path/to/bin' in your ~/.bashrc. Run 'source ~/.bashrc' to apply."
"Software & OS (Windows, Linux, macOS)",How do I run a Windows application as a different user?,"Hold Shift and right-click the application, then select 'Run as different user'. Enter the username and password of the account you want to use. Alternatively, in Command Prompt: 'runas /user:domain\username ""C:\path\to\app.exe""'. This is useful for running applications with admin rights without logging in as admin."
"Software & OS (Windows, Linux, macOS)",How do I use PowerShell to work with CSV files?,"Import a CSV with '$data = Import-Csv file.csv'. Filter rows: '$data | Where-Object {$_.Column -eq ""value""}'. Export results: 'Export-Csv output.csv -NoTypeInformation'. PowerShell automatically maps CSV headers to object properties, making it easy to process tabular data without needing a separate scripting environment."
"Software & OS (Windows, Linux, macOS)",What is Windows PE (Preinstallation Environment) versus Windows RE (Recovery Environment)?,"Windows PE is a lightweight Windows for deployment and recovery tasks, used by IT professionals for imaging and troubleshooting. Windows RE (Recovery Environment) is built into Windows and accessed via the boot menu, offering Startup Repair, System Restore, Command Prompt, and System Image Recovery for end-user recovery scenarios."
"Software & OS (Windows, Linux, macOS)",How do I enable font smoothing in Windows?,"Right-click the desktop, select 'Personalize > Colors', then search for 'Adjust the appearance and performance of Windows'. In the Performance Options dialog, check 'Smooth edges of screen fonts' under Visual Effects. You can also use the ClearType Text Tuner (search in Start) to fine-tune how text is rendered on your display."
"Software & OS (Windows, Linux, macOS)",How do I use 'watch' command in Linux?,"The 'watch' command repeatedly runs another command and displays its output, refreshing at a set interval. 'watch -n 5 df -h' shows disk space usage every 5 seconds. 'watch -d command' highlights differences between runs. Press Ctrl+C to stop. It's very useful for monitoring log files, disk usage, or network stats in real time."
"Software & OS (Windows, Linux, macOS)",How do I configure Windows to use a proxy server?,"Go to Settings > Network & Internet > Proxy. Under 'Manual proxy setup', enable 'Use a proxy server' and enter the server address and port. You can also enter addresses that should bypass the proxy. Alternatively, configure the proxy in your browser's network settings for browser-only proxying."
"Software & OS (Windows, Linux, macOS)",How do I install and configure Nginx on Linux?,"Install with 'sudo apt install nginx'. Start and enable with 'sudo systemctl start nginx && sudo systemctl enable nginx'. Configuration files are in /etc/nginx/. The default site config is /etc/nginx/sites-available/default. After editing, test config with 'sudo nginx -t' and reload with 'sudo systemctl reload nginx'."
"Software & OS (Windows, Linux, macOS)",What is a kernel module in Linux and how do I load one?,"Kernel modules are pieces of code that can be loaded into the kernel on demand to extend functionality (e.g., drivers). 'lsmod' lists loaded modules. 'sudo modprobe modulename' loads a module. 'sudo modprobe -r modulename' unloads it. 'sudo insmod /path/to/module.ko' loads a module from a specific file."
"Software & OS (Windows, Linux, macOS)",How do I convert between file formats using FFmpeg on Linux?,FFmpeg is a powerful multimedia converter. 'ffmpeg -i input.mp4 output.avi' converts formats. 'ffmpeg -i input.mp4 -vn output.mp3' extracts audio. 'ffmpeg -i input.mp4 -vf scale=1280:720 output.mp4' resizes video. Install with 'sudo apt install ffmpeg'. FFmpeg supports virtually every audio and video format.
"Software & OS (Windows, Linux, macOS)",What is the purpose of /proc filesystem in Linux?,"The /proc virtual filesystem provides a window into the kernel and running processes. /proc/cpuinfo shows CPU details, /proc/meminfo shows memory stats, and /proc/[PID]/ contains information about each running process. These aren't real files — they're kernel data structures presented as a filesystem for easy reading."
"Software & OS (Windows, Linux, macOS)",How do I set up passwordless SSH between two Linux machines?,Generate an SSH key pair on the source machine with 'ssh-keygen -t ed25519'. Copy the public key to the destination with 'ssh-copy-id user@destination'. Now 'ssh user@destination' connects without a password. The private key on your machine acts as the credential. Protect it with a passphrase for added security.
"Software & OS (Windows, Linux, macOS)",How do I create a custom keyboard shortcut in Windows?,"Right-click the shortcut for the application and select Properties. In the 'Shortcut key' field, click and press your desired key combination (e.g., Ctrl+Alt+C). Click OK. Windows will now launch the application when you press that key combination, as long as the shortcut is in the Start menu or desktop."
"Software & OS (Windows, Linux, macOS)",How do I use 'journalctl' to filter logs in Linux?,"journalctl -u servicename' shows logs for a specific service. 'journalctl --since ""2024-01-01"" --until ""2024-01-31""' filters by date range. 'journalctl -p err' shows only error-level messages. 'journalctl -f' follows new log entries in real time. 'journalctl --disk-usage' shows how much space logs are consuming."
"Software & OS (Windows, Linux, macOS)",How do I reset network settings in macOS?,"Go to System Preferences > Network. Select the network interface (Wi-Fi or Ethernet), click the minus button to delete it, then click the plus button to re-add it. You can also delete all network locations and create a new 'Automatic' location. For persistent issues, delete files in /Library/Preferences/SystemConfiguration/."
"Software & OS (Windows, Linux, macOS)",What is Automator Quick Action on macOS and how do I use it?,"A Quick Action is a type of Automator workflow that appears in the right-click context menu in Finder or in the Touch Bar. Create one in Automator by selecting 'Quick Action' as the workflow type. Set 'Workflow receives' to files or folders, add your actions, and save. The Quick Action then appears when you right-click files in Finder."
"Software & OS (Windows, Linux, macOS)",How do I use the 'alias' command in Linux/macOS?,"The alias command creates shortcuts for longer commands. 'alias ll=""ls -la""' makes 'll' run 'ls -la'. Add aliases to ~/.bashrc or ~/.zshrc to make them permanent. 'alias' with no arguments lists current aliases. 'unalias name' removes an alias. Aliases only exist in the current shell unless saved to a profile file."
"Software & OS (Windows, Linux, macOS)",How do I check system boot time in Linux?,"Run 'uptime' or 'uptime -p' for a human-readable uptime. 'who -b' shows the last boot time. 'systemd-analyze' shows total boot time and 'systemd-analyze blame' lists services by how long they took to start, helping identify slow boot causes."
"Software & OS (Windows, Linux, macOS)",How do I fix a corrupt user profile in Windows?,"Create a new local user account. Log into the new account, then copy files from C:\Users\OldUsername to the new profile folder. Use regedit to merge registry settings if needed. Microsoft's User Profile Service troubleshooter can sometimes automatically repair a corrupt profile. Check the Event Viewer for specific errors related to the profile service."
"Software & OS (Windows, Linux, macOS)",What is the Windows Registry and what does it store?,"The Windows Registry is a hierarchical database storing configuration settings for the OS, hardware, and installed applications. It contains keys and values for user preferences, system policies, driver information, and application settings. Editing it incorrectly can break Windows, so always export a backup before making changes."
"Software & OS (Windows, Linux, macOS)",How do I repair corrupted system files in Windows?,"Open Command Prompt as administrator and run 'sfc /scannow'. This System File Checker scans all protected system files and replaces corrupted ones. If SFC finds issues it can't fix, run 'DISM /Online /Cleanup-Image /RestoreHealth' first, then run sfc again. A restart may be required."
"Software & OS (Windows, Linux, macOS)",What is the difference between Sleep and Hibernate in Windows?,"Sleep saves your open work to RAM and uses a small amount of power, allowing fast wake-up. Hibernate saves everything to the hard drive and uses no power, but takes longer to resume. Hibernate is better for extended periods away from power; Sleep is better for short breaks."
"Software & OS (Windows, Linux, macOS)",How do I pin an app to the Windows taskbar?,"Right-click the app in the Start menu or when it's running in the taskbar, then select 'Pin to taskbar'. You can also drag app shortcuts to the taskbar. To rearrange pinned apps, simply drag them left or right along the taskbar."
"Software & OS (Windows, Linux, macOS)",How do I use Windows Sandbox?,"Windows Sandbox is available on Windows 10/11 Pro and Enterprise. Enable it via 'Turn Windows features on or off', check 'Windows Sandbox', and restart. Launch it from the Start menu to get a clean, isolated Windows environment that resets completely every time you close it — ideal for testing suspicious software."
"Software & OS (Windows, Linux, macOS)",How do I find large files wasting space in Windows?,"Open File Explorer, click in the search bar, and use the filter 'Size: Gigantic (>128MB)'. Alternatively, use free tools like WinDirStat or TreeSize Free which visualize your disk usage as a graphical tree map, making it easy to spot the largest files and folders."
"Software & OS (Windows, Linux, macOS)",What is PowerShell and how is it different from Command Prompt?,"PowerShell is a more powerful shell and scripting language built on .NET, designed for system administration. Command Prompt (cmd) is the older, simpler command-line interface. PowerShell can manipulate objects and data structures, access Windows APIs, and automate complex tasks that are impossible or cumbersome in cmd."
"Software & OS (Windows, Linux, macOS)",How do I enable Hyper-V on Windows?,"Go to 'Turn Windows features on or off' in Control Panel, check 'Hyper-V', and click OK. Restart your PC. Hyper-V requires Windows 10/11 Pro, Enterprise, or Education, and a 64-bit CPU with virtualization support enabled in BIOS. Launch 'Hyper-V Manager' from the Start menu to create and manage virtual machines."
"Software & OS (Windows, Linux, macOS)",How do I schedule automatic shutdowns in Windows?,"Open Task Scheduler, click 'Create Basic Task', name it, set the trigger (daily, weekly, etc.), choose 'Start a program' as the action, and enter 'shutdown.exe' with arguments '/s /f /t 0'. For a one-time shutdown, you can also run 'shutdown /s /t 3600' in Command Prompt to shut down in 1 hour."
"Software & OS (Windows, Linux, macOS)",How do I use Windows 11's virtual desktops feature?,Press Windows + Tab to open Task View. Click 'New desktop' to create a virtual desktop. You can drag app windows between desktops or right-click a window to move it. Use Windows + Ctrl + Arrow keys to switch between desktops quickly. Virtual desktops are great for separating work and personal contexts.
"Software & OS (Windows, Linux, macOS)","What is the difference between FAT32, NTFS, and exFAT file systems?","FAT32 is widely compatible with all devices but has a 4GB single file size limit. NTFS is the Windows standard, supporting large files, permissions, encryption, and journaling, but has limited compatibility with non-Windows systems. exFAT is designed for flash drives — compatible with both Windows and Mac, no 4GB file size limit."
"Software & OS (Windows, Linux, macOS)",How do I enable BitLocker drive encryption on Windows?,"Open Control Panel > System and Security > BitLocker Drive Encryption. Click 'Turn on BitLocker' next to your drive. You can unlock with a password or TPM chip. Save your recovery key to Microsoft account, USB, or print it. BitLocker requires Windows 10/11 Pro or Enterprise."
"Software & OS (Windows, Linux, macOS)",How do I install a .deb package in Ubuntu Linux?,"Use the command 'sudo dpkg -i package.deb'. If there are missing dependencies, run 'sudo apt-get install -f' afterward to resolve them. Alternatively, use 'sudo apt install ./package.deb' which handles dependencies automatically. You can also double-click the .deb file in the Files app to open it in the Software Center."
"Software & OS (Windows, Linux, macOS)",How do I enable SSH on Ubuntu?,Install the OpenSSH server with 'sudo apt install openssh-server'. Start and enable the service with 'sudo systemctl enable --now ssh'. Check the status with 'sudo systemctl status ssh'. The firewall rule can be added with 'sudo ufw allow ssh'. Connect from another machine using 'ssh username@ip-address'.
"Software & OS (Windows, Linux, macOS)",What is a Linux shell script and how do I run one?,"A shell script is a text file containing a series of Linux commands that execute sequentially. Create one with a text editor, start with '#!/bin/bash' on the first line, add your commands, save as 'script.sh'. Make it executable with 'chmod +x script.sh' and run it with './script.sh' from the same directory."
"Software & OS (Windows, Linux, macOS)",How do I manage services in Linux with systemctl?,"Use 'sudo systemctl start servicename' to start a service, 'sudo systemctl stop servicename' to stop it, and 'sudo systemctl enable servicename' to make it start automatically at boot. 'sudo systemctl status servicename' shows whether it's running and recent log entries. 'sudo systemctl restart' restarts a running service."
"Software & OS (Windows, Linux, macOS)",How do I set up automatic updates on Ubuntu?,"Install the unattended-upgrades package: 'sudo apt install unattended-upgrades'. Enable it with 'sudo dpkg-reconfigure --priority=low unattended-upgrades'. Configuration is in /etc/apt/apt.conf.d/50unattended-upgrades where you can specify which packages to auto-update, typically security updates only."
"Software & OS (Windows, Linux, macOS)",What is a package manager in Linux and how does it work?,"A package manager automates installing, updating, and removing software by fetching packages from repositories and handling all dependencies. Ubuntu/Debian use 'apt', Red Hat/Fedora use 'dnf' or 'yum', and Arch uses 'pacman'. The package manager knows which libraries each program needs and installs them automatically."
"Software & OS (Windows, Linux, macOS)",How do I mount and unmount drives in Linux?,"Use 'sudo mount /dev/sdX1 /mnt/foldername' to mount a partition. Create the mount point folder first with 'mkdir'. To unmount, use 'sudo umount /mnt/foldername'. To auto-mount at boot, add an entry to /etc/fstab. Use 'lsblk' or 'fdisk -l' to identify your disk device names."
"Software & OS (Windows, Linux, macOS)",How do I view and kill processes in Linux?,Use 'ps aux' to list all processes with their PIDs. Use 'top' or 'htop' for real-time monitoring. Kill a process by PID with 'kill PID' or 'kill -9 PID' for a force kill. Use 'killall processname' to kill all instances by name. 'pkill processname' also works and supports pattern matching.
"Software & OS (Windows, Linux, macOS)",What is the difference between sudo and su in Linux?,"'sudo' runs a single command with elevated (root) privileges without switching user. 'su' switches your current session to the root user entirely, requiring the root password. 'sudo -i' or 'sudo su' opens a root shell. For security, 'sudo' is preferred because it logs commands and doesn't require sharing the root password."
"Software & OS (Windows, Linux, macOS)",How do I configure a static IP address in Ubuntu?,"Edit the Netplan configuration file in /etc/netplan/ (e.g., 00-installer-config.yaml). Set 'dhcp4: no' and specify 'addresses', 'gateway4', and 'nameservers'. Apply changes with 'sudo netplan apply'. Verify the new IP with 'ip addr show'. Netplan replaced ifupdown in Ubuntu 18.04 and later."
"Software & OS (Windows, Linux, macOS)",How do I check system uptime in Linux?,"Run the 'uptime' command in terminal — it shows how long the system has been running, the number of users, and load averages for the past 1, 5, and 15 minutes. 'who -b' shows the last boot time. 'journalctl --list-boots' shows a history of all boot events."
"Software & OS (Windows, Linux, macOS)",How do I configure automatic login on macOS?,"Go to System Preferences > Users & Groups > Login Options. Click the lock to authenticate, then set 'Automatic login' to your user account. Note that enabling automatic login disables FileVault encryption, so it's only recommended for low-risk single-user machines not storing sensitive data."
"Software & OS (Windows, Linux, macOS)",What is Spotlight on macOS and how do I use it?,"Spotlight is macOS's built-in search and quick-launch tool. Press Command + Space to open it and type anything — app names, files, contacts, calculations, unit conversions, or questions answered by Siri Suggestions. It can also search within files for their content, making it a powerful productivity tool."
"Software & OS (Windows, Linux, macOS)",How do I reset PRAM/NVRAM on a Mac?,"Shut down your Mac. Press the power button, then immediately hold Command + Option + P + R. Keep holding for about 20 seconds — the Mac will appear to restart. Release the keys. On Apple Silicon Macs, NVRAM resets automatically during the startup process, so a manual reset isn't needed."
"Software & OS (Windows, Linux, macOS)",How do I use the macOS Activity Monitor?,"Open Activity Monitor from Applications > Utilities or search with Spotlight. It shows all running processes with their CPU, memory, energy, disk, and network usage. Click on any column header to sort. Quit unresponsive processes by selecting them and clicking the X button at the top. It's equivalent to Windows Task Manager."
"Software & OS (Windows, Linux, macOS)",How do I enable or disable System Integrity Protection (SIP) on Mac?,"SIP protects system files from modification even by root users. To disable it, restart in Recovery Mode (hold Command+R on Intel, hold power on Apple Silicon), open Terminal, and run 'csrutil disable'. To re-enable, run 'csrutil enable'. Only disable SIP if you have a specific need, as it's an important security layer."
"Software & OS (Windows, Linux, macOS)","How do I use macOS's built-in screen reader, VoiceOver?","Enable VoiceOver with Command + F5 or via System Preferences > Accessibility > VoiceOver. It reads aloud screen content, interactive elements, and notifications. Use the VoiceOver keys (Control + Option) combined with arrows to navigate. VoiceOver supports Braille displays and is fully integrated with all native macOS apps."
"Software & OS (Windows, Linux, macOS)",How do I set up a Python virtual environment?,Run 'python3 -m venv myenv' to create the virtual environment in a folder called 'myenv'. Activate it with 'source myenv/bin/activate' on Mac/Linux or 'myenv\Scripts\activate' on Windows. Install packages with pip inside the activated environment. Deactivate with 'deactivate'. This isolates project dependencies from the system Python.
"Software & OS (Windows, Linux, macOS)",How do I update Python packages with pip?,"Run 'pip install --upgrade packagename' to update a specific package. To update all packages, use 'pip list --outdated' to see what needs updating, then update each one. The command 'pip install --upgrade pip' updates pip itself. In a virtual environment, changes only affect that environment."
"Software & OS (Windows, Linux, macOS)",What is Docker and how does it differ from a virtual machine?,"Docker uses containerization — containers share the host OS kernel but are isolated from each other, making them lightweight and fast to start. Virtual machines run a full OS on virtualized hardware, using more resources. Docker containers package an application with its dependencies, ensuring it runs the same on any host machine with Docker installed."
"Software & OS (Windows, Linux, macOS)",How do I check open ports on my system?,"On Windows, run 'netstat -ano' in Command Prompt to see listening ports and the associated process IDs. On Linux/macOS, use 'ss -tlnp' or 'netstat -tlnp'. The command 'sudo lsof -i :portnum' shows which process is using a specific port. These commands help identify unexpected network listeners."
"Software & OS (Windows, Linux, macOS)",How do I set up Git for the first time?,"Install Git from git-scm.com. Configure your identity: 'git config --global user.name ""Your Name""' and 'git config --global user.email ""you@example.com""'. Set your default editor and branch name. Generate an SSH key for GitHub/GitLab authentication using 'ssh-keygen -t ed25519'."
"Software & OS (Windows, Linux, macOS)",How do I dual-boot Windows and macOS (Hackintosh)?,"Running macOS on non-Apple hardware is complex, unsupported, and violates Apple's EULA. You'll need a compatible CPU/GPU, a bootloader like OpenCore, and macOS installation files. The process requires extensive configuration and often breaks after OS updates. A virtual machine or purchasing a Mac is strongly recommended instead."
"Software & OS (Windows, Linux, macOS)",How do I run Windows programs on Linux using Wine?,"Install Wine via your package manager (e.g., 'sudo apt install wine'). Run a Windows executable with 'wine program.exe'. For better compatibility, use PlayOnLinux or Bottles as graphical frontends. Lutris is excellent for Windows games. Not all programs work under Wine — check the Wine AppDB for compatibility ratings."
"Software & OS (Windows, Linux, macOS)",How do I use the Task Scheduler in Windows?,"Open Task Scheduler from the Start menu. Click 'Create Basic Task' for a simple wizard or 'Create Task' for advanced options. Set a trigger (time, system event, logon), an action (run a program, send email, show message), and conditions/settings. Scheduled tasks run even if you're not logged in (if configured with highest privileges)."
"Software & OS (Windows, Linux, macOS)",What is Bash and how is it different from sh?,"Bash (Bourne Again Shell) is the most common default shell on Linux systems, offering features like command history, tab completion, arrays, and more complex scripting constructs. sh (POSIX shell) is simpler and more portable but lacks many Bash conveniences. Scripts using Bash-specific features should use '#!/bin/bash' rather than '#!/bin/sh'."
"Software & OS (Windows, Linux, macOS)",How do I access Windows from Linux using Remote Desktop?,"Install 'rdesktop' or 'Remmina' on Linux. Ensure Remote Desktop is enabled on the Windows machine. Launch Remmina, create a new connection, select RDP protocol, and enter the Windows machine's IP address and credentials. FreeRDP is another popular alternative with good compatibility."
"Software & OS (Windows, Linux, macOS)",How do I enable Windows Subsystem for Linux 2 (WSL2)?,"Run 'wsl --install' in an elevated PowerShell — this installs WSL2 and Ubuntu by default. If WSL1 is already installed, update to WSL2 with 'wsl --set-default-version 2'. Set a specific distro to WSL2 with 'wsl --set-version Ubuntu 2'. WSL2 uses a real Linux kernel and offers better file system performance than WSL1."
"Software & OS (Windows, Linux, macOS)",How do I change the hostname on Linux?,"Run 'sudo hostnamectl set-hostname newhostname' to change the hostname immediately. Edit /etc/hosts to update any references to the old hostname there. The change persists across reboots. Verify the change with 'hostnamectl' or 'hostname'. On older systems, you may need to edit /etc/hostname directly."
"Software & OS (Windows, Linux, macOS)",How do I check memory usage in macOS?,"Open Activity Monitor and click the 'Memory' tab. It shows memory pressure (green/yellow/red indicator), used and cached memory, and which apps use the most RAM. 'Memory pressure' is a better indicator than raw usage — green means plenty available; red means the system is actively swapping to disk."
"Software & OS (Windows, Linux, macOS)",What is GRUB and how do I update it in Linux?,"GRUB (Grand Unified Bootloader) is the bootloader used by most Linux distributions to manage the boot process. After installing a new kernel or changing settings, run 'sudo update-grub' (Debian/Ubuntu) or 'sudo grub2-mkconfig -o /boot/grub2/grub.cfg' (Red Hat/Fedora). GRUB config files are stored in /etc/default/grub."
"Software & OS (Windows, Linux, macOS)",How do I create and use aliases in Linux?,"Add an alias to your ~/.bashrc file: 'alias ll=""ls -la""'. Run 'source ~/.bashrc' to apply immediately. Aliases persist across terminal sessions once in the profile file. List all current aliases with 'alias' (no arguments). Remove a temporary alias with 'unalias aliasname'."
"Software & OS (Windows, Linux, macOS)",How do I use macOS's built-in disk utility to repair drives?,"Open Disk Utility from Applications > Utilities. Select the disk or volume in the left panel and click 'First Aid', then 'Run'. This checks and repairs filesystem errors. For the startup disk, boot into Recovery Mode (Command+R) and run First Aid from there, since the active startup disk can't fully repair itself while in use."
"Software & OS (Windows, Linux, macOS)",How do I set the PATH variable in Linux?,Add 'export PATH=$PATH:/new/directory' to your ~/.bashrc or ~/.profile file. Run 'source ~/.bashrc' to apply changes. The PATH variable tells the shell where to look for executable programs. Use 'echo $PATH' to see the current value. System-wide PATH changes go in /etc/environment or /etc/profile.
"Software & OS (Windows, Linux, macOS)",What is the difference between a soft link and a hard link in Linux?,A soft (symbolic) link is a pointer to another file's path — it breaks if the original file is deleted or moved. A hard link is another directory entry pointing to the same inode (actual data) as the original — deleting the original doesn't affect the hard link. Create them with 'ln -s target linkname' (soft) or 'ln target linkname' (hard).
"Software & OS (Windows, Linux, macOS)",How do I configure Windows to require a password after sleep?,"Go to Settings > Accounts > Sign-in options. Under 'Require sign-in', select 'When PC wakes up from sleep'. This adds security when you step away. You can also set a shorter screen saver timeout with a password prompt via Screen saver settings in the Control Panel."
"Software & OS (Windows, Linux, macOS)",How do I use Windows Defender Offline Scan?,"Go to Windows Security > Virus & threat protection > Scan options, select 'Windows Defender Offline scan', and click 'Scan now'. This restarts your PC and runs a deep scan before Windows boots, catching malware that hides from normal scans. It takes about 15 minutes and the PC restarts automatically when done."
"Software & OS (Windows, Linux, macOS)",How do I check if a port is open using PowerShell?,"Use 'Test-NetConnection -ComputerName hostname -Port 443' in PowerShell to check if a port is reachable. It shows TcpTestSucceeded: True if the port is open and accessible. You can also use 'telnet hostname port' if Telnet is enabled, or the classic 'netstat -an' to list all open local ports."
"Software & OS (Windows, Linux, macOS)",How do I enable automatic login to a domain account in Windows?,"Open the Run dialog (Win+R), type 'netplwiz', and uncheck 'Users must enter a user name and password'. Enter your domain credentials in the dialog that appears. Note that this stores credentials and reduces security — only use on physically secured machines. Group Policy may prevent this on managed domain computers."
"Software & OS (Windows, Linux, macOS)",What is the Windows Page File and how should I configure it?,"The Page File is virtual memory on the hard drive used when RAM is full. Windows manages it automatically by default, which works well for most users. Manual configuration is in System Properties > Advanced > Performance > Virtual Memory. Setting a fixed size (e.g., 1.5x RAM) can slightly improve performance on high-load servers."
"Software & OS (Windows, Linux, macOS)",How do I stop Windows Update from restarting my PC automatically?,Go to Settings > Update & Security > Windows Update > Advanced Options. Enable 'Notify to schedule restart' and set Active Hours so Windows won't restart during your work hours. Windows Pro and Enterprise users can pause updates for up to 35 days or use Group Policy for more granular control.
"Software & OS (Windows, Linux, macOS)",How do I change the Windows login screen background?,"Go to Settings > Personalization > Lock screen. Under 'Background', choose Picture or Slideshow for a custom image, or Windows Spotlight for rotating Bing images. To change the sign-in background specifically, enable 'Show lock screen background picture on the sign-in screen'."
"Software & OS (Windows, Linux, macOS)",How do I defragment my hard drive in Windows?,"Search for 'Defragment and Optimize Drives' in the Start menu and open it. Select your HDD and click 'Optimize'. Note: do NOT defragment SSDs — Windows shows 'Trim' instead, which is the correct optimization for SSDs. HDDs benefit from defragmentation; SSDs do not."
"Software & OS (Windows, Linux, macOS)",How do I use Robocopy to mirror folders in Windows?,Robocopy is a powerful command-line copy tool. Use 'robocopy Source Destination /MIR' to mirror a directory (copies new/changed files and deletes removed ones). Add '/Z' for restartable copies and '/LOG:file.txt' to log output. Robocopy is much more reliable than xcopy for large or network transfers.
"Software & OS (Windows, Linux, macOS)",How do I run a program as a different user in Windows?,"Hold Shift and right-click the program icon, then select 'Run as different user'. Enter the username and password for the account you want to use. This is useful for running admin tools while logged in as a standard user without fully switching accounts."
"Software & OS (Windows, Linux, macOS)",How do I enable verbose startup and shutdown messages in Windows?,"Open Group Policy Editor (gpedit.msc), go to Computer Configuration > Administrative Templates > System, and enable 'Display highly detailed status messages'. This shows exactly what Windows is doing during startup and shutdown, useful for diagnosing slow boot issues."
"Software & OS (Windows, Linux, macOS)",What is the Windows Event Viewer and how do I use it?,"Event Viewer (eventvwr.msc) logs all system, security, and application events. Expand Windows Logs and check 'System' for hardware and OS errors, 'Application' for app crashes, and 'Security' for login events. Filter logs by Event Level (Error, Warning) and look for patterns around the time an issue occurred."
"Software & OS (Windows, Linux, macOS)",How do I list all installed software from the Command Prompt?,"Run 'wmic product get name,version' in Command Prompt for a list of installed MSI packages. In PowerShell, 'Get-ItemProperty HKLM:\Software\Microsoft\Windows\CurrentVersion\Uninstall\* | Select-Object DisplayName, DisplayVersion' gives a more complete list. Export results to a file with '> software.txt'."
"Software & OS (Windows, Linux, macOS)",How do I use the Windows Resource Monitor?,"Open Task Manager and click 'Open Resource Monitor' at the bottom, or search for 'resmon'. It provides detailed tabs for CPU, Memory, Disk, and Network showing exactly which processes are using each resource and how much. It's more granular than Task Manager and useful for finding bottlenecks."
"Software & OS (Windows, Linux, macOS)",How do I lock down a Windows PC for public use (Kiosk Mode)?,"Windows 10/11 has a built-in Assigned Access feature. Go to Settings > Accounts > Family & other users > Set up a kiosk. Create or select a local account, choose which app runs in full screen. The kiosk user can only use that one app. For more advanced lockdowns, use Windows Configuration Designer or Group Policy."
"Software & OS (Windows, Linux, macOS)",How do I check my Linux kernel version?,"Run 'uname -r' to display the current kernel version. 'uname -a' shows full system information including kernel, hostname, and architecture. 'cat /proc/version' gives even more detail including the GCC version used to compile the kernel. 'hostnamectl' on systemd systems also shows the kernel version."
"Software & OS (Windows, Linux, macOS)",How do I add a user to the sudoers file in Linux?,"The safest method is to add the user to the sudo group: 'sudo usermod -aG sudo username' (Debian/Ubuntu) or 'sudo usermod -aG wheel username' (Red Hat/Fedora). To give fine-grained control, edit the sudoers file with 'sudo visudo' and add a line like 'username ALL=(ALL) NOPASSWD:ALL' for passwordless sudo."
"Software & OS (Windows, Linux, macOS)",What is LVM (Logical Volume Manager) in Linux?,"LVM provides flexible disk management by abstracting physical storage into logical volumes. You can resize volumes on the fly, span volumes across multiple disks, and create snapshots. Key commands: 'pvcreate' (physical volume), 'vgcreate' (volume group), 'lvcreate' (logical volume). LVM is commonly used on servers for easy storage management."
"Software & OS (Windows, Linux, macOS)",What is the /etc/hosts file in Linux and what is it used for?,"The /etc/hosts file maps hostnames to IP addresses locally, bypassing DNS. It's read before DNS, so entries here override DNS resolution. Common uses include blocking websites (point domain to 0.0.0.0), setting up local development domains, or temporarily overriding DNS during server migrations."
"Software & OS (Windows, Linux, macOS)",How do I monitor disk I/O performance in Linux?,Use 'iostat -x 1' (from the sysstat package) for detailed per-device I/O statistics updated every second. 'iotop' shows per-process I/O usage interactively — install with 'sudo apt install iotop'. The /proc/diskstats file contains raw I/O counters. High await times (>20ms) indicate I/O bottlenecks.
"Software & OS (Windows, Linux, macOS)",How do I configure NTP (Network Time Protocol) on Linux?,"On systemd-based systems, use 'sudo timedatectl set-ntp true' to enable NTP sync. Configure the NTP servers in /etc/systemd/timesyncd.conf. For the traditional ntpd daemon, install ntp and configure /etc/ntp.conf. Verify sync status with 'timedatectl status' or 'ntpq -p'."
"Software & OS (Windows, Linux, macOS)",How do I disable IPv6 in Linux?,"Add 'net.ipv6.conf.all.disable_ipv6 = 1' and 'net.ipv6.conf.default.disable_ipv6 = 1' to /etc/sysctl.conf, then run 'sudo sysctl -p' to apply. Alternatively, pass 'ipv6.disable=1' as a kernel boot parameter in GRUB. Only disable IPv6 if you have a specific compatibility reason, as it's increasingly important."
"Software & OS (Windows, Linux, macOS)",How do I use tmux for terminal multiplexing?,"Install tmux with 'sudo apt install tmux'. Start a session with 'tmux'. Key shortcuts use the prefix Ctrl+B: Ctrl+B+c (new window), Ctrl+B+% (split vertical), Ctrl+B+"" (split horizontal), Ctrl+B+d (detach session). Reattach to a running session with 'tmux attach'. Tmux keeps sessions alive even when you disconnect via SSH."
"Software & OS (Windows, Linux, macOS)",How do I configure automatic mounting of drives in macOS?,"Drives connected to Mac mount automatically by default. For network shares, connect to the server via Finder > Go > Connect to Server, then in Login Items (System Preferences > Users & Groups) add the server share to auto-mount at login. For external drives, preferences in Finder > Preferences control auto-open behavior."
"Software & OS (Windows, Linux, macOS)",How do I use macOS's built-in FTP/SFTP server?,"macOS doesn't include a built-in FTP server, but you can enable SFTP (SSH File Transfer Protocol) by going to System Preferences > Sharing > Remote Login. Enable it and set access to specific users. Connect from other computers using an SFTP client like FileZilla or 'sftp username@mac-ip' from Terminal."
"Software & OS (Windows, Linux, macOS)",How do I create a bootable macOS USB installer?,"Download macOS from the App Store. Open Terminal and run Apple's createinstallmedia command (varies by macOS version, find it at support.apple.com/HT201372). Plug in a 16GB+ USB drive, run the command with your USB volume path. The process takes 15–30 minutes and creates a bootable installer."
"Software & OS (Windows, Linux, macOS)",How do I use the macOS Terminal to zip and unzip files?,"To create a zip: 'zip -r archive.zip folder/'. To unzip: 'unzip archive.zip'. For tar.gz: 'tar -czf archive.tar.gz folder/' to compress, 'tar -xzf archive.tar.gz' to extract. The -v flag adds verbose output to show progress. macOS also supports zipping via right-click > Compress in Finder."
"Software & OS (Windows, Linux, macOS)",How do I reset forgotten administrator password on Windows 10?,"Boot from a Windows installation USB and open Command Prompt from Repair your computer > Troubleshoot > Advanced options. Use the utilman.exe trick (replacing it with cmd.exe) to get a command prompt at login, then 'net user Administrator newpassword'. Re-enable the hidden admin account with 'net user Administrator /active:yes'. This is a security reason to keep Secure Boot enabled."
"Software & OS (Windows, Linux, macOS)",How do I enable hardware accelerated GPU scheduling in Windows 10?,"Go to Settings > System > Display > Graphics settings. Toggle 'Hardware-accelerated GPU scheduling' to On, then restart. This can reduce latency and CPU overhead in GPU-intensive applications. It requires Windows 10 version 2004 or later and a compatible GPU with up-to-date drivers."
"Software & OS (Windows, Linux, macOS)",What is WSA (Windows Subsystem for Android) and how do I use it?,"WSA allowed running Android apps on Windows 11 natively, integrated with the Amazon Appstore. It was discontinued by Microsoft in March 2025. Users who need Android apps on desktop should use an Android emulator like BlueStacks or LDPlayer, or a virtual machine running Android-x86."
"Software & OS (Windows, Linux, macOS)",How do I use Homebrew to manage packages on macOS?,"After installing Homebrew, use 'brew install packagename' to install software. 'brew update' updates Homebrew itself, 'brew upgrade' upgrades all installed packages. 'brew list' shows installed packages. 'brew search term' finds available packages. 'brew uninstall packagename' removes software. Homebrew installs everything in /opt/homebrew (Apple Silicon) or /usr/local (Intel)."
"Software & OS (Windows, Linux, macOS)",What is the difference between a cold boot and a warm boot?,"A cold boot starts the computer from a completely powered-off state, going through the full POST (Power-On Self-Test) and hardware initialization. A warm boot (restart) resets the OS without fully cutting power, skipping some hardware initialization steps. Cold boots are more thorough and can clear hardware-level issues that persist through restarts."
"Software & OS (Windows, Linux, macOS)",How do I configure multiple monitors with different resolutions on macOS?,"Connect your monitors, then go to System Preferences > Displays. Each display's settings appear independently. Click 'Arrangement' to drag displays to match their physical layout. Click 'Scaled' on each display to choose a resolution. Hold Option when clicking Scaled to see all available resolutions including non-recommended ones."
"Software & OS (Windows, Linux, macOS)",How do I use 'grep' effectively in Linux?,"'grep pattern filename' searches for a pattern in a file. 'grep -r pattern /directory' searches recursively. '-i' makes it case-insensitive, '-n' shows line numbers, '-v' inverts the match (shows non-matching lines), '-l' shows only filenames. Combine with pipes: 'dmesg | grep error'. Use regular expressions for powerful pattern matching."
"Software & OS (Windows, Linux, macOS)",How do I check network connectivity from the command line?,'ping hostname' tests basic connectivity and latency. 'traceroute hostname' (tracert on Windows) shows the path packets take. 'nslookup domain' or 'dig domain' tests DNS resolution. 'curl -I https://website.com' checks HTTP connectivity. 'telnet host port' (or Test-NetConnection on Windows) tests specific port connectivity.
"Software & OS (Windows, Linux, macOS)",What is the Linux OOM Killer and how does it work?,"The OOM (Out of Memory) Killer is a kernel mechanism that forcibly terminates processes when the system runs out of memory. It assigns each process an 'oom_score' based on memory usage and runtime, then kills the process with the highest score. Adjust priority with oom_score_adj (/proc/PID/oom_score_adj) to protect critical processes."
"Software & OS (Windows, Linux, macOS)",How do I use 'awk' for text processing in Linux?,"'awk' processes text line by line, splitting each into fields. 'awk '{print $1}' file.txt' prints the first field of each line. 'awk -F: '{print $1}' /etc/passwd' uses colon as delimiter to print usernames. Add conditions: 'awk '$3 > 100 {print $0}' file.txt' prints lines where the third field exceeds 100. AWK is excellent for parsing log files and CSVs."
"Software & OS (Windows, Linux, macOS)",How do I use 'sed' for text substitution in Linux?,"'sed 's/old/new/g' filename' replaces all occurrences of 'old' with 'new'. Add '-i' flag to edit the file in place: 'sed -i 's/old/new/g' filename'. 's/old/new/' without g only replaces the first occurrence per line. 'sed -n '5,10p' filename' prints lines 5-10. Sed is extremely useful in shell scripts for automated text manipulation."
"Software & OS (Windows, Linux, macOS)",How do I use the 'find' command with exec in Linux?,"Combine find with -exec to run a command on each result: 'find /path -name '*.log' -exec rm {} \;' deletes all .log files. 'find /path -name '*.txt' -exec grep -l 'pattern' {} \;' finds text files containing a pattern. Using '+' instead of '\;' passes multiple files at once, which is faster: 'find /path -name '*.log' -exec ls -lh {} +'."
"Software & OS (Windows, Linux, macOS)",How do I set a screen lock timeout in Windows?,"Go to Settings > Personalization > Lock screen > Screen timeout settings. Set the screen to turn off after your chosen time. The screen lock kicks in based on the screensaver settings: right-click desktop > Personalize > Lock screen > Screen saver settings, check 'On resume, display logon screen'."
"Software & OS (Windows, Linux, macOS)",How do I enable Remote Management on macOS?,"Go to System Preferences > Sharing > Remote Management. Enable it and choose which users have access and what permissions they have (observe, control, etc.). Remote Management uses the VNC protocol, so you can connect from Windows or Linux using VNC clients. Apple Remote Desktop provides additional management features."
"Software & OS (Windows, Linux, macOS)",How do I run a Linux command with a timeout?,Use the 'timeout' command: 'timeout 30 command' runs 'command' and kills it if it doesn't finish within 30 seconds. Add a signal: 'timeout --signal=SIGKILL 30 command' sends SIGKILL instead of the default SIGTERM. This is extremely useful in scripts where you need to ensure a command doesn't hang indefinitely.
"Software & OS (Windows, Linux, macOS)",What is the crontab format and how do I write a cron expression?,"Crontab has five time fields: minute (0-59), hour (0-23), day of month (1-31), month (1-12), day of week (0-7). Asterisk (*) means 'every'. '0 9 * * 1-5' runs at 9 AM Monday-Friday. '*/15 * * * *' runs every 15 minutes. '0 0 1 * *' runs at midnight on the first of each month. Use crontab.guru online to validate expressions."
"Software & OS (Windows, Linux, macOS)",How do I use Windows Safe Mode for troubleshooting?,"Hold Shift and click Restart, then go to Troubleshoot > Advanced options > Startup Settings > Restart. Press F4 for Safe Mode (minimal drivers), F5 for Safe Mode with Networking (internet access). Safe Mode loads only essential drivers, making it easier to identify software or driver conflicts. Uninstall problematic programs or drivers while in Safe Mode."
"Software & OS (Windows, Linux, macOS)",How do I configure the Linux firewall using ufw?,"UFW (Uncomplicated Firewall) simplifies iptables. Enable with 'sudo ufw enable'. Allow services: 'sudo ufw allow ssh', 'sudo ufw allow 80/tcp'. Deny: 'sudo ufw deny 23'. Check status: 'sudo ufw status verbose'. Delete a rule: 'sudo ufw delete allow 80/tcp'. UFW is the standard firewall tool on Ubuntu systems."
"Software & OS (Windows, Linux, macOS)",What is UEFI and how is it different from BIOS?,"UEFI (Unified Extensible Firmware Interface) is the modern replacement for BIOS, offering a graphical interface, mouse support, faster boot times, support for drives larger than 2TB, Secure Boot for malware protection, and network capabilities before OS loads. BIOS is the older 16-bit firmware with a text interface. Most computers made after 2012 use UEFI."
"Software & OS (Windows, Linux, macOS)",How do I enable Secure Boot on a Windows PC?,"Restart your PC and enter UEFI/BIOS setup (usually by pressing Del, F2, or F10 at boot). Find the Secure Boot option under the Security or Boot tab and enable it. Ensure your Windows installation is on a GPT disk (not MBR). Secure Boot prevents unauthorized bootloaders and OS kernels from loading, protecting against rootkits."
"Software & OS (Windows, Linux, macOS)",How do I use Windows Sandbox effectively?,"Launch Windows Sandbox from the Start menu (requires Pro/Enterprise). It starts a clean Windows environment. Install and run any software you want to test — when you close the sandbox, everything is deleted with no impact on your main system. You can configure Sandbox settings in a .wsb XML file to map host folders or enable clipboard sharing."
"Software & OS (Windows, Linux, macOS)",How do I use Windows Credential Manager?,"Open Credential Manager from Control Panel > User Accounts. It stores saved passwords for websites, apps, and network resources. Web Credentials are saved by browsers; Windows Credentials are used for network shares and apps. You can add, view, or remove credentials here — useful for troubleshooting automatic login failures."
"Software & OS (Windows, Linux, macOS)",What is Secure Boot and how does it work?,"Secure Boot verifies that software run during boot has a trusted digital signature, preventing rootkits and bootkit malware from loading before the OS. The firmware checks each component against a database of trusted signatures. If verification fails, the system refuses to boot. It's part of the UEFI specification and enabled by default on most modern PCs."
"Software & OS (Windows, Linux, macOS)",How do I use Windows Snipping Tool?,"Search for Snipping Tool in the Start menu or press Windows+Shift+S. Choose your capture mode: rectangular, freeform, window, or full-screen snip. After capturing, the image opens in the Snipping Tool editor where you can annotate, crop, and save. Screenshots are also copied to clipboard automatically."
"Software & OS (Windows, Linux, macOS)",What is a memory leak and how do I detect one?,"A memory leak occurs when a program allocates memory but never releases it, causing memory usage to grow over time until the system runs out. Detect it using Task Manager or Resource Monitor — if a process's memory usage grows continuously, it may have a leak. Developer tools like Valgrind (Linux) or Visual Studio's memory profiler can pinpoint the exact location."
"Software & OS (Windows, Linux, macOS)",How do I use Windows PowerToys?,"Download PowerToys from the Microsoft Store or GitHub. It adds utilities like FancyZones (custom window layouts), PowerRename (bulk file renaming), Color Picker, File Explorer add-ons, and a keyboard shortcut guide. Launch them from the PowerToys settings app. FancyZones is particularly popular for multi-monitor productivity setups."
"Software & OS (Windows, Linux, macOS)",How do I enable verbose boot logging in Linux?,"Edit /etc/default/grub and remove 'quiet splash' from the GRUB_CMDLINE_LINUX_DEFAULT line to see detailed boot messages. Run 'sudo update-grub' to apply. On the next boot you'll see all kernel and service startup messages. For post-boot analysis, 'journalctl -b' shows the current boot's log, and 'dmesg' shows kernel ring buffer messages."
"Software & OS (Windows, Linux, macOS)",What is an init system in Linux?,"The init system is the first process started by the Linux kernel (PID 1) and is responsible for starting all other processes and managing services. Modern Linux distributions use systemd, which starts services in parallel for faster boot. Older systems used SysVinit (sequential startup) or Upstart. You interact with systemd through systemctl."
"Software & OS (Windows, Linux, macOS)",How do I create a RAM disk in Linux?,Use 'sudo mount -t tmpfs -o size=512m tmpfs /mnt/ramdisk' to create a 512MB RAM disk at /mnt/ramdisk. Files stored here exist only in RAM and are extremely fast but lost on reboot. RAM disks are useful for temporary build artifacts or data that doesn't need to persist. Add to /etc/fstab for persistent mounting across reboots.
"Software & OS (Windows, Linux, macOS)",How do I configure SSH to use a non-standard port?,"Edit /etc/ssh/sshd_config and change 'Port 22' to your desired port number (e.g., Port 2222). Restart the SSH service with 'sudo systemctl restart ssh'. Update your firewall rules to allow the new port. Connect using 'ssh -p 2222 user@host'. Using a non-standard port reduces automated brute-force attempts."
"Software & OS (Windows, Linux, macOS)",How do I back up my Linux system with rsync?,"Use 'rsync -aAXv --exclude={/dev/*,/proc/*,/sys/*,/tmp/*,/run/*,/mnt/*} / /backup/' to copy the entire root filesystem excluding virtual filesystems. The -a flag preserves permissions, -A preserves ACLs, -X preserves extended attributes. Add --delete to mirror deletions. Rsync only transfers changed files, making incremental backups efficient."
"Software & OS (Windows, Linux, macOS)",How do I use netcat (nc) for network troubleshooting?,"Netcat is a versatile network tool. Test connectivity: 'nc -zv hostname port'. Create a simple server: 'nc -l 1234'. Send data: 'echo hello | nc hostname 1234'. Transfer files: 'nc -l 1234 > file.txt' on receiver, 'nc hostname 1234 < file.txt' on sender. Netcat is often called the 'Swiss Army knife' of networking tools."
"Software & OS (Windows, Linux, macOS)",How do I use strace to debug programs in Linux?,"'strace command' shows all system calls made by a program, useful for debugging crashes or unexpected behavior. 'strace -p PID' attaches to a running process. '-e trace=file' filters to only file-related syscalls. '-o output.txt' saves to a file. Strace helps identify why a program can't find a file, fails to connect, or crashes unexpectedly."
"Software & OS (Windows, Linux, macOS)",What is the difference between a process and a daemon in Linux?,"A process is any running program. A daemon is a background process that runs without user interaction, typically starting at boot and providing system services. Daemons usually end in 'd' (sshd, httpd, systemd). They're managed by the init system and run without a controlling terminal. All daemons are processes, but not all processes are daemons."
"Software & OS (Windows, Linux, macOS)",How do I use lsof (list open files) in Linux?,'lsof' lists all open files and the processes using them. 'lsof -u username' shows files opened by a user. 'lsof -i :80' shows which process is using port 80. 'lsof /path/to/file' shows which processes have a specific file open. This is invaluable for troubleshooting 'device busy' errors when unmounting drives.
"Software & OS (Windows, Linux, macOS)",How do I configure automatic screen lock in Linux?,"In GNOME: Settings > Privacy > Screen Lock. Set the lock screen delay and whether to show notifications on lock screen. On the command line, use 'gsettings set org.gnome.desktop.session idle-delay 300' (300 seconds). For KDE Plasma: System Settings > Workspace > Screen Locking. The xset command can configure screen saver timeout in other environments."
"Software & OS (Windows, Linux, macOS)",How do I use the at command to schedule one-time tasks in Linux?,"Install 'at' with sudo apt install at. Schedule a command: 'echo 'command' | at 10:00 AM tomorrow'. Or: 'at 10:00 < script.sh'. List pending jobs with 'atq'. Remove a job with 'atrm jobnumber'. Unlike cron which is for recurring tasks, 'at' is designed for one-time future execution."
"Software & OS (Windows, Linux, macOS)",How do I configure Linux to auto-mount external drives?,"Edit /etc/fstab with an entry for the drive: 'UUID=xxxx /mnt/point fstype defaults,auto 0 2'. Get the UUID with 'sudo blkid'. Using UUID (not /dev/sdX) ensures the correct drive is mounted even if device names change. For removable drives, consider using udev rules or the 'udisks2' automount service instead."
"Software & OS (Windows, Linux, macOS)",How do I use the watch command in Linux?,"'watch -n 2 command' runs a command every 2 seconds and displays the output, refreshing in place — great for monitoring. 'watch -d command' highlights differences between updates. 'watch -n 1 df -h' monitors disk usage. 'watch -n 0.5 nvidia-smi' monitors GPU usage twice per second. Press Ctrl+C to exit."
"Software & OS (Windows, Linux, macOS)",How do I check system boot time and performance in Windows?,"Open Event Viewer > Windows Logs > System and look for Event ID 12 (system start) and Event ID 6013 (uptime). For boot performance analysis, use the Windows Performance Recorder and Analyzer (part of WPT). 'systeminfo' in Command Prompt shows 'System Boot Time'. Also check Task Manager > Startup tab for boot impact ratings."
"Software & OS (Windows, Linux, macOS)",What is the Windows Master Boot Record (MBR) and how do I repair it?,"The MBR is the first sector of a bootable disk containing the boot loader code and partition table. If it's corrupted, Windows won't boot. Boot from a Windows installation USB, choose Repair your computer > Troubleshoot > Advanced options > Command Prompt, and run 'bootrec /fixmbr', 'bootrec /fixboot', and 'bootrec /rebuildbcd'."
"Software & OS (Windows, Linux, macOS)",How do I use Disk Management in Windows to extend a partition?,"Open Disk Management by right-clicking Start. Right-click the partition you want to extend and choose 'Extend Volume'. You can only extend into adjacent unallocated space to the right. If there's no unallocated space, you'll need third-party tools or to shrink an adjacent partition first. Extending doesn't risk data loss."
"Software & OS (Windows, Linux, macOS)",How do I view and manage startup applications in macOS?,"Go to System Preferences > Users & Groups > Login Items. The list shows apps that launch at login. Click the '-' button to remove items. To add an app, drag it to the list or use the '+' button. Some background items can be managed here too. Third-party apps like LaunchControl or Activity Monitor can reveal more hidden startup agents."
"Software & OS (Windows, Linux, macOS)",How do I use macOS's hidden three-finger drag gesture?,"Go to System Preferences > Accessibility > Pointer Control > Trackpad Options and enable 'Use trackpad for dragging', then select 'Three Finger Drag'. This lets you drag windows and items using three fingers instead of clicking and holding, which many users find more comfortable for long-distance drags."
"Software & OS (Windows, Linux, macOS)",What is App Nap on macOS and how does it work?,App Nap is a macOS feature that reduces CPU and network activity for apps that are fully hidden behind other windows and not actively performing tasks. This improves battery life on MacBooks. You can disable it for specific apps if they need to stay active: right-click the app in Finder > Get Info > uncheck 'Prevent App Nap'.
"Software & OS (Windows, Linux, macOS)",How do I convert a VirtualBox VM to run on VMware?,"Export the VM from VirtualBox as an OVF/OVA file: File > Export Appliance. In VMware, use File > Open to import the OVF/OVA. After import, you may need to reinstall VMware Tools and adjust hardware settings. Minor issues like network adapter names may need to be reconfigured after migration."
"Software & OS (Windows, Linux, macOS)",How do I configure Windows 11 for optimal gaming performance?,"Enable Game Mode in Settings > Gaming > Game Mode. Set your power plan to High Performance or Balanced. Update GPU drivers. In the NVIDIA/AMD control panel, set Power Management Mode to Prefer Maximum Performance. Disable Xbox Game Bar if you don't use it. Ensure Windows is not running updates during gaming by adjusting Active Hours."
"Software & OS (Windows, Linux, macOS)",What is the Windows Emergency Restart feature?,"Hold Ctrl+Alt+Del and click the power button in the bottom-right while holding Ctrl. This triggers an Emergency Restart that reboots Windows immediately without going through the normal shutdown sequence, useful when the system is partially hung. Use only as a last resort since it may cause data loss from unsaved files."
"Software & OS (Windows, Linux, macOS)",How do I configure Windows power plans for battery vs plugged in?,"Open Power Options from Control Panel. Select 'Balanced' for general use, 'High Performance' for maximum speed (more power/heat), or 'Power saver' for maximum battery life. Click 'Change plan settings' to customize screen timeout, sleep timing, and advanced settings like CPU throttling separately for battery and plugged-in states."
"Software & OS (Windows, Linux, macOS)",How do I use KVM (Kernel-based Virtual Machine) on Linux?,Install KVM with 'sudo apt install qemu-kvm virt-manager'. Check hardware virtualization support with 'egrep -c '(vmx|svm)' /proc/cpuinfo'. Add your user to the kvm and libvirt groups. Launch Virtual Machine Manager for a graphical interface. KVM is the preferred virtualization solution on Linux servers and provides near-native performance.
"Software & OS (Windows, Linux, macOS)",How do I configure automatic mounting in macOS for network drives?,"In Finder, connect to the server via Go > Connect to Server. Once connected, open System Preferences > Users & Groups > Login Items and drag the mounted network volume to the list. It will auto-mount at login. For more reliable mounting, use a login script or Automator workflow with a Connect to Server action."
"Software & OS (Windows, Linux, macOS)",How do I use the history command in Linux and search previous commands?,'history' shows your command history with line numbers. 'history 20' shows the last 20 commands. Press Ctrl+R to reverse-search your history interactively — type part of a command to find it. '!!' repeats the last command; '!123' runs command number 123 from history. Set HISTSIZE and HISTFILESIZE in ~/.bashrc to control how many commands are saved.
"Software & OS (Windows, Linux, macOS)",How do I capture network traffic on Linux using tcpdump?,Run 'sudo tcpdump -i eth0' to capture traffic on an interface. '-n' skips hostname resolution for speed. '-w file.pcap' saves to a file for analysis in Wireshark. 'sudo tcpdump -i any port 80' filters to HTTP traffic. 'sudo tcpdump host 192.168.1.1' captures traffic to/from a specific IP. Press Ctrl+C to stop.
"Software & OS (Windows, Linux, macOS)",How do I use Windows Disk Cleanup to free space?,"Search for 'Disk Cleanup' in the Start menu and run it. Select which types of files to delete: Temporary files, Recycle Bin, Windows Update Cleanup, etc. Click 'Clean up system files' for additional options including old Windows installation files. Running this after major Windows updates can free several gigabytes."
"Software & OS (Windows, Linux, macOS)",How do I enable and configure Windows Subsystem for Linux features?,"After installing WSL2, you can access Linux files from Windows at \\wsl$\distroname in File Explorer. Access Windows files from Linux at /mnt/c/. Configure WSL in ~/.wslconfig (Windows-wide settings) and /etc/wsl.conf (per-distro settings). Set memory limits, swap size, and auto-mounting behavior. Restart WSL with 'wsl --shutdown'."
"Software & OS (Windows, Linux, macOS)",How do I use the macOS command line to manage users?,Create a user: 'sudo dscl . -create /Users/username'. Set password: 'sudo dscl . -passwd /Users/username password'. Add to admin group: 'sudo dscl . -append /Groups/admin GroupMembership username'. Delete a user: 'sudo dscl . -delete /Users/username'. List users: 'dscl . -list /Users'. These commands use Directory Service command-line utility.
"Software & OS (Windows, Linux, macOS)",What is a filesystem journal and why does it matter?,"A journal records filesystem changes before committing them, allowing recovery from crashes without full filesystem checks. NTFS, ext4, and HFS+ all use journaling. Without it, a crash mid-write could corrupt the filesystem. The journal acts like a write-ahead log — if a crash occurs, the journal is replayed on next mount to restore consistency."
"Software & OS (Windows, Linux, macOS)",How do I use curl to test APIs from the command line?,"'curl https://api.example.com/endpoint' makes a GET request. 'curl -X POST -H 'Content-Type: application/json' -d '{""key"":""value""}' url' makes a POST with JSON. '-I' shows only headers. '-o file.txt' saves output. '-u user:pass' adds basic auth. '-v' shows verbose output including request and response headers. Curl is essential for API debugging."
"Software & OS (Windows, Linux, macOS)",How do I install and configure Nginx as a web server on Ubuntu?,"Install with 'sudo apt install nginx'. Start and enable: 'sudo systemctl enable --now nginx'. Test with 'curl localhost'. Configuration files are in /etc/nginx/. The default site config is in /etc/nginx/sites-available/default. After editing config files, test with 'sudo nginx -t' before reloading with 'sudo systemctl reload nginx'."
"Software & OS (Windows, Linux, macOS)",How do I use Windows's built-in OpenSSH client?,"Windows 10 1809+ includes an OpenSSH client. Open PowerShell or Command Prompt and use 'ssh user@hostname'. For key-based auth, generate keys with 'ssh-keygen' and copy the public key to the server's ~/.ssh/authorized_keys. Configure SSH client settings in ~\.ssh\config for aliases and persistent connections."
"Software & OS (Windows, Linux, macOS)",What is POSIX and why does it matter for cross-platform scripting?,"POSIX (Portable Operating System Interface) is a set of standards for maintaining compatibility between Unix-like operating systems. POSIX-compliant scripts and programs run consistently on Linux, macOS, BSD, and other Unix-like systems. Avoiding Bash-specific features and using POSIX sh syntax makes scripts more portable across different Unix environments."
"Software & OS (Windows, Linux, macOS)",How do I use the 'sort' command in Linux?,'sort filename' sorts lines alphabetically. '-n' sorts numerically. '-r' reverses the order. '-k2' sorts by the second field. '-u' removes duplicate lines. '-t:' sets the field delimiter to colon. Example: 'sort -t: -k3 -n /etc/passwd' sorts by UID numerically. Combine with pipes: 'ps aux | sort -k4 -rn' sorts processes by memory usage descending.
"Software & OS (Windows, Linux, macOS)",How do I configure auto-completion in Bash?,"Bash auto-completion is usually enabled by default via /etc/bash_completion. To enable it if missing, add 'source /etc/bash_completion' to ~/.bashrc. Install additional completions with 'sudo apt install bash-completion'. Press Tab once to complete a command or filename, twice to see all options. Tab completion also works for command arguments in many tools."
"Software & OS (Windows, Linux, macOS)",What is the difference between ext3 and ext4 filesystems?,"Ext4 is the modern successor to ext3 with several improvements: support for larger files (up to 16TB vs 2TB), larger volumes (up to 1 exabyte), better performance through extent-based allocation and delayed allocation, faster fsck, and support for more subdirectories. Ext4 is backward compatible with ext3 and is the default filesystem for most Linux distributions."
"Software & OS (Windows, Linux, macOS)",How do I use Windows's built-in Backup and Restore?,Search for 'Backup and Restore (Windows 7)' in Control Panel. Click 'Set up backup' to create a scheduled backup to an external drive or network location. This backs up personal files and can create a system image. A system image backup can restore your entire PC to its current state in case of drive failure.
"Software & OS (Windows, Linux, macOS)",How do I run a Windows application at startup minimized?,"Create a shortcut to the app. Right-click it, go to Properties, and change 'Run:' from 'Normal window' to 'Minimized'. Move this shortcut to the Startup folder (Win+R, then 'shell:startup'). The app will launch minimized to the taskbar at startup. For system tray apps, they usually manage this themselves."
"Software & OS (Windows, Linux, macOS)",How do I use macOS Automator to automate repetitive tasks?,"Open Automator from Applications. Choose a workflow type (Workflow, Application, Quick Action, etc.). Drag actions from the library onto the workflow canvas. For example, to batch rename files: add 'Get Finder Items', then 'Rename Finder Items'. Test with Run and save. Quick Actions appear in Finder's right-click context menu."
"Software & OS (Windows, Linux, macOS)",How do I use Windows Group Policy to manage settings?,"Open gpedit.msc (Group Policy Editor, available on Pro/Enterprise). Navigate through Computer Configuration or User Configuration to find settings. Double-click a policy to enable, disable, or configure it. Policies apply at next login or after running 'gpupdate /force'. Group Policy is powerful for managing enterprise deployments and enforcing security settings."
"Software & OS (Windows, Linux, macOS)",What is the difference between shutdown -r and reboot in Linux?,"Both restart the system, but 'shutdown -r now' sends a warning to all users and goes through the proper shutdown sequence. 'reboot' is equivalent to 'shutdown -r now' on systemd systems. 'shutdown -r +5' schedules a restart in 5 minutes with a warning. 'shutdown -r now' is preferred in scripts for its explicit behavior."
"Software & OS (Windows, Linux, macOS)",How do I check which Linux distribution I am running?,Run 'cat /etc/os-release' or 'lsb_release -a' for distribution name and version. 'uname -a' shows the kernel version. 'cat /etc/issue' also typically shows the distro. For a quick one-liner: 'hostnamectl | grep Operating'. These commands work across most major distributions.
"Software & OS (Windows, Linux, macOS)",How do I manage Linux services with Systemd timers instead of cron?,"Create a .service file describing the task and a .timer file specifying the schedule. Place both in /etc/systemd/system/. Enable and start the timer with 'sudo systemctl enable --now mytimer.timer'. List timers with 'systemctl list-timers'. Systemd timers offer better logging, dependency management, and missed-run handling compared to cron."
"Software & OS (Windows, Linux, macOS)",What are Linux runlevels and how do they relate to systemd targets?,"Traditional SysVinit had runlevels 0-6 for different system states such as halt, multiuser, graphical, and reboot. Systemd replaced these with targets: poweroff.target, multi-user.target, graphical.target, rescue.target, reboot.target. Change targets with 'systemctl isolate graphical.target'. Check current target with 'systemctl get-default'."
"Software & OS (Windows, Linux, macOS)",How do I configure Windows to prioritize ethernet over Wi-Fi?,"Right-click the Start button and go to Network Connections > Change adapter options. Press Alt to show the menu, click Advanced > Advanced Settings. Reorder the network adapters, putting Ethernet above Wi-Fi. Windows will prefer the adapter higher in the list when both are connected. You can also disable Wi-Fi manually when using Ethernet."
"Software & OS (Windows, Linux, macOS)",How do I use the Windows diskpart command?,"Open Command Prompt as administrator and type 'diskpart'. Use 'list disk' to see drives, 'select disk 1' to select one, 'list partition' to see partitions, 'select partition 1' to select a partition. Commands include 'format fs=ntfs quick', 'assign letter=E', 'clean' to erase the entire disk. Diskpart is powerful and all commands execute immediately without confirmation."
"Software & OS (Windows, Linux, macOS)",How do I configure Oh My Zsh on macOS?,Install Oh My Zsh by running the install script from ohmyzsh.com in Terminal. Edit ~/.zshrc to change the theme using ZSH_THEME and enable plugins in the plugins array. Popular themes include robbyrussell and agnoster. Powerlevel10k is a high-performance theme with extensive customization options.
"Software & OS (Windows, Linux, macOS)",How do I use the screen command for persistent terminal sessions in Linux?,"Start a session with 'screen'. Detach without closing with Ctrl+A then D. List sessions with 'screen -ls'. Reattach with 'screen -r sessionid'. Create named sessions with 'screen -S myname'. Screen keeps sessions alive through SSH disconnections, similar to tmux. It is especially useful when running long processes on remote servers."
"Software & OS (Windows, Linux, macOS)",How do I configure macOS to show file extensions in Finder?,"Open Finder Preferences with Cmd+, and go to the Advanced tab. Check 'Show all filename extensions'. This ensures all files show their extension such as file.pdf instead of just file. You can also right-click files and use Get Info to see and change extensions individually. Showing extensions helps identify file types at a glance."
"Software & OS (Windows, Linux, macOS)",How do I use jq to parse JSON from the command line in Linux?,Install jq with 'sudo apt install jq'. Parse JSON with 'cat data.json | jq .'. Access a field with 'jq .name file.json'. Filter arrays with 'jq .items[].id file.json'. Combine with curl to process API responses directly in the terminal. jq is invaluable for working with REST APIs and JSON config files from the command line.
"Software & OS (Windows, Linux, macOS)",How do I configure swap space on Linux?,Create a swap file with 'sudo fallocate -l 4G /swapfile'. Set permissions with 'sudo chmod 600 /swapfile'. Format as swap with 'sudo mkswap /swapfile'. Enable it with 'sudo swapon /swapfile'. Add to /etc/fstab for persistence with the line '/swapfile none swap sw 0 0'. Adjust swappiness in /etc/sysctl.conf for tuning memory management.
"Software & OS (Windows, Linux, macOS)",What is AppArmor in Linux and how does it work?,"AppArmor is a Linux security module that confines programs to defined sets of resources such as files, capabilities, and network access. Profiles define what each application can access. Check status with 'sudo aa-status'. Profiles are in /etc/apparmor.d/. Set programs to complain mode which logs violations without denying, or enforce mode which actively restricts access. Ubuntu uses AppArmor by default."
"Software & OS (Windows, Linux, macOS)",How do I use the diff command to compare files in Linux?,'diff file1 file2' shows differences between two files. The -u flag produces a unified diff format used in patches. The -r flag compares directories recursively. The -y flag shows a side-by-side comparison. Apply a patch created with diff using 'patch < changes.patch'. Tools like vimdiff and meld provide graphical diff viewing.
"Software & OS (Windows, Linux, macOS)",How do I mount an ISO file in Windows?,"Right-click the ISO file in File Explorer and select Mount. Windows will create a virtual DVD drive with the contents of the ISO. To unmount, right-click the virtual drive in This PC and select Eject. This feature is built into Windows 8 and later so no third-party tools are needed."
"Software & OS (Windows, Linux, macOS)",How do I manage Windows firewall rules with PowerShell?,Use 'Get-NetFirewallRule' to list rules. Add a rule with 'New-NetFirewallRule -DisplayName Allow Port 80 -Direction Inbound -Protocol TCP -LocalPort 80 -Action Allow'. Remove a rule with 'Remove-NetFirewallRule -DisplayName rulename'. Enable or disable a rule with 'Set-NetFirewallRule -DisplayName rulename -Enabled False'. PowerShell firewall management is fully scriptable.
"Software & OS (Windows, Linux, macOS)",How do I use the less command for reading long files in Linux?,"'less filename' opens a file for scrolling. Navigate with arrow keys, Page Up and Down, Home and End. Search forward with /pattern and backward with ?pattern. Press n for next match and N for previous. Press q to quit. Less is better than more because you can scroll backwards. Use 'less +F filename' to follow a growing file like tail -f."
"Software & OS (Windows, Linux, macOS)",What is the Windows System Restore feature and how do I use it?,"System Restore creates snapshots called restore points of system files and registry settings that can be reverted to if problems occur. Enable it in System Properties > System Protection. Create manual restore points before installing software or drivers. To restore, search for Create a restore point, run System Restore, and choose a point in time. Personal files are not affected by a restore."
"Software & OS (Windows, Linux, macOS)",How do I use rsync for efficient file synchronization?,"'rsync -av source/ destination/' syncs files with verbose output. The -a flag preserves permissions, timestamps, and recurses directories. The --delete flag removes files in destination that do not exist in source for mirror mode. The --progress flag shows per-file progress. Use 'rsync -av -e ssh source/ user@host:/path/' to sync over SSH to a remote server."
"Software & OS (Windows, Linux, macOS)",How do I configure NFS file sharing on Linux?,"Install nfs-kernel-server with 'sudo apt install nfs-kernel-server'. Add exports to /etc/exports such as '/shared 192.168.1.0/24(rw,sync,no_subtree_check)'. Apply changes with 'sudo exportfs -ra'. Start the service with 'sudo systemctl start nfs-server'. Mount on a client with 'sudo mount serverip:/shared /mnt/nfs'. Adjust firewall rules to allow NFS ports."
"Software & OS (Windows, Linux, macOS)",How do I configure Linux logrotate for log management?,"Logrotate automatically compresses and rotates log files. Configuration is in /etc/logrotate.conf and files in /etc/logrotate.d/. Key directives include daily or weekly rotation frequency, 'rotate 7' to keep 7 versions, 'compress' to gzip old logs, and 'notifempty' to skip empty logs. Test configuration changes with 'sudo logrotate -d /etc/logrotate.conf' before applying."
"Software & OS (Windows, Linux, macOS)",How do I use KVM on Linux for virtualization?,Install KVM with 'sudo apt install qemu-kvm virt-manager'. Check hardware virtualization support with 'egrep -c (vmx|svm) /proc/cpuinfo'. Add your user to the kvm and libvirt groups. Launch Virtual Machine Manager for a graphical interface to create and manage VMs. KVM is the preferred virtualization solution on Linux servers providing near-native performance.
"Software & OS (Windows, Linux, macOS)",How do I use the xargs command in Linux?,xargs builds and executes command lines from standard input. 'find . -name *.txt | xargs grep error' searches all txt files. The -n1 flag processes one item at a time. The -P4 flag runs 4 processes in parallel for speed. Using -I{} allows using {} as a placeholder in the command such as 'xargs -I{} cp {} /backup/'.
"Software & OS (Windows, Linux, macOS)",How do I configure Sudo to allow specific commands without password?,Edit /etc/sudoers with 'sudo visudo'. Add a line like 'username ALL=(ALL) NOPASSWD: /bin/systemctl restart nginx' to allow running only that specific command without a password. Use PASSWD: before other commands to require a password for those. Always use visudo to edit sudoers as it validates syntax before saving to prevent accidental lockout.
"Software & OS (Windows, Linux, macOS)",How do I use the ip command to manage network interfaces in Linux?,'ip addr show' lists all interfaces and their addresses. 'ip link set eth0 up' or 'down' enables or disables an interface. 'ip addr add 192.168.1.100/24 dev eth0' assigns an IP address. 'ip route show' displays the routing table. 'ip route add default via 192.168.1.1' sets the default gateway. The ip command replaces the deprecated ifconfig and route commands.
"Software & OS (Windows, Linux, macOS)",How do I configure multiple virtual terminals in Linux?,Linux provides virtual terminals accessible with Ctrl+Alt+F1 through F6 while F7 is usually the graphical session. Switch between them with these key combinations. Each virtual terminal is an independent login session. This is invaluable when the graphical desktop freezes because you can switch to a terminal to kill processes or troubleshoot without a hard reboot.
"Software & OS (Windows, Linux, macOS)",What is the Windows Sysinternals Suite and what tools does it include?,"Sysinternals is a collection of powerful Windows utilities by Mark Russinovich, now part of Microsoft. Key tools include Process Explorer for detailed process viewing, Autoruns for startup program management, Process Monitor for real-time file and registry activity, TCPView for network connections, and PsExec for remote execution. Download from sysinternals.com or the Microsoft Store."
"Software & OS (Windows, Linux, macOS)",How do I compile a C program on Linux?,Install GCC with 'sudo apt install build-essential'. Compile a program with 'gcc -o outputname sourcefile.c'. Run it with './outputname'. For multiple files use 'gcc -o program file1.c file2.c'. Add debugging info with 'gcc -g'. Always compile with 'gcc -Wall' to enable all warnings. Use make with a Makefile for complex multi-file projects.
"Software & OS (Windows, Linux, macOS)",How do I use tmux for terminal multiplexing in Linux?,"Install tmux with 'sudo apt install tmux'. Start a session with 'tmux'. Key shortcuts use the prefix Ctrl+B: Ctrl+B+c creates a new window, Ctrl+B+% splits vertically, Ctrl+B+d detaches the session. Reattach to a running session with 'tmux attach'. Tmux keeps sessions alive even when you disconnect via SSH, making it essential for long-running server tasks."
"Software & OS (Windows, Linux, macOS)",How do I use the sort command in Linux?,"'sort filename' sorts lines alphabetically. The -n flag sorts numerically, -r reverses the order, -k2 sorts by the second field, and -u removes duplicate lines. The -t: flag sets the field delimiter to colon. Combine with pipes such as 'ps aux | sort -k4 -rn' to sort processes by memory usage in descending order."
"Software & OS (Windows, Linux, macOS)",How do I use grep effectively in Linux?,'grep pattern filename' searches for a pattern in a file. The -r flag searches recursively in directories. The -i flag makes the search case-insensitive and -n shows line numbers. The -v flag inverts the match to show non-matching lines and -l shows only filenames containing a match. Combine with pipes such as 'dmesg | grep error' to filter command output.
"Software & OS (Windows, Linux, macOS)",How do I configure automatic screen lock in Linux using GNOME settings?,"Open Settings and go to Privacy then Screen Lock. Enable automatic screen lock and set the delay before locking. You can also set whether to lock immediately when the screen blanks. From the command line, use 'gsettings set org.gnome.desktop.session idle-delay 300' to set a 5-minute idle timeout and 'gsettings set org.gnome.desktop.screensaver lock-enabled true' to enable the lock."
"Software & OS (Windows, Linux, macOS)",How do I check network connectivity from the command line in Windows?,'ping hostname' tests basic connectivity and latency. 'tracert hostname' shows the path packets take across the network. 'nslookup domain' tests DNS resolution. 'Test-NetConnection -ComputerName hostname -Port 443' in PowerShell tests a specific port. 'netstat -an' shows all active connections and listening ports.
"Software & OS (Windows, Linux, macOS)",What is UEFI and how is it different from legacy BIOS?,"UEFI is the modern replacement for BIOS, offering a graphical interface, mouse support, faster boot times, support for drives larger than 2TB, Secure Boot for malware protection, and networking before the OS loads. BIOS is the older 16-bit firmware with a text-only interface. Most computers made after 2012 use UEFI and Windows 11 requires it."
"Software & OS (Windows, Linux, macOS)",How do I use the diff and patch commands together in Linux?,Create a patch file with 'diff -u originalfile modifiedfile > changes.patch'. Apply the patch with 'patch originalfile < changes.patch'. For directory patches use 'diff -ru dir1/ dir2/ > changes.patch' and 'patch -p1 < changes.patch'. Patches are the standard way to distribute small changes to source code and text files in open-source projects.
"Software & OS (Windows, Linux, macOS)",How do I use the find command with exec in Linux?,Combine find with -exec to run a command on each result. 'find /path -name *.log -exec rm {} ;' deletes all .log files. 'find /path -name *.txt -exec grep -l pattern {} ;' finds text files containing a pattern. Using + instead of semicolon passes multiple files at once which is faster. The {} is replaced with the found filename in the command.
"Software & OS (Windows, Linux, macOS)",How do I check installed package security on Linux?,Use 'sudo apt list --upgradable' to see packages with available updates including security patches. Run 'sudo unattended-upgrade --dry-run' to preview automatic security updates. The debsecan tool on Debian and Ubuntu checks installed packages against known CVEs. On Red Hat based systems use 'sudo yum check-update --security'. Keeping packages updated is the most important security measure.
"Software & OS (Windows, Linux, macOS)",How do I use the sed command for text substitution in Linux?,"'sed s/old/new/g filename' replaces all occurrences of old with new. Add the -i flag to edit the file in place. Without the g flag only the first occurrence per line is replaced. 'sed -n 5,10p filename' prints lines 5 through 10. Sed is extremely useful in shell scripts for automated text manipulation and processing log files."
"Software & OS (Windows, Linux, macOS)",How do I configure a Linux server for automatic security updates?,Install the unattended-upgrades package with 'sudo apt install unattended-upgrades'. Enable it with 'sudo dpkg-reconfigure --priority=low unattended-upgrades'. Configure which updates to apply in /etc/apt/apt.conf.d/50unattended-upgrades. Typically you enable only security updates for automatic installation and leave major upgrades for manual review.
"Software & OS (Windows, Linux, macOS)",How do I use lsof to find which process is using a file or port?,'lsof -i :80' shows which process is using port 80. 'lsof /path/to/file' shows which processes have a specific file open. 'lsof -u username' lists all files opened by a user. 'lsof -p PID' shows all files opened by a specific process. This command is invaluable for troubleshooting device busy errors when unmounting drives.
"Software & OS (Windows, Linux, macOS)",How do I configure macOS privacy settings for apps?,"Go to System Preferences then Security and Privacy. Under the Privacy tab you can manage which apps have access to Location Services, Contacts, Calendars, Microphone, Camera, Full Disk Access, and more. Click the lock icon to make changes. Granting Full Disk Access is only recommended for backup tools and security software that genuinely need it."
"Software & OS (Windows, Linux, macOS)",How do I check system logs in macOS using the Console app?,Open Console from Applications > Utilities or search with Spotlight. It shows logs from the system and all running apps in real time. Use the search bar to filter by process name or message content. The log command in Terminal also provides powerful filtering with 'log stream --predicate processImagePath contains appname'. Logs are essential for diagnosing crashes and errors.
"Software & OS (Windows, Linux, macOS)",How do I use strace to debug a program on Linux?,"'strace command' shows all system calls made by a program, which is useful for debugging crashes or unexpected behavior. 'strace -p PID' attaches to a running process. The -e trace=file option filters to only file-related syscalls. The -o output.txt option saves to a file for analysis. Strace helps identify why a program cannot find a file, fails to connect to a service, or crashes unexpectedly."
"Software & OS (Windows, Linux, macOS)",How do I use curl to test REST APIs from the command line?,'curl https://api.example.com/endpoint' makes a GET request. To make a POST with JSON body use 'curl -X POST -H Content-Type:application/json -d key=value url'. The -I flag shows only headers. The -o flag saves output to a file. The -u user:pass option adds basic authentication. The -v flag shows verbose output including request and response headers for debugging.
"Software & OS (Windows, Linux, macOS)",How do I configure the Windows hosts file for local domain resolution?,Open Notepad as administrator and edit C:\Windows\System32\drivers\etc\hosts. Add lines in the format '127.0.0.1 myapp.local' to point a hostname to a local IP. Save the file and flush DNS with 'ipconfig /flushdns'. This is commonly used by developers to test local websites or to block specific domains by pointing them to 0.0.0.0.
"Software & OS (Windows, Linux, macOS)",What is the Linux proc filesystem and what information does it contain?,"The /proc filesystem is a virtual filesystem that provides a window into the running kernel and processes. /proc/cpuinfo shows CPU details, /proc/meminfo shows memory usage, /proc/PID/ contains information about a specific process. Files like /proc/net/tcp show network connections. It is not stored on disk but generated dynamically by the kernel in response to reads."
"Software & OS (Windows, Linux, macOS)",How do I configure Windows Defender exclusions for development folders?,"Open Windows Security > Virus and threat protection > Manage settings > Add or remove exclusions. Add folders like your source code directories or virtual machine storage to prevent Windows Defender from scanning them repeatedly, which can slow down builds and I/O. Only exclude trusted directories and always keep real-time protection enabled for other areas."
"Software & OS (Windows, Linux, macOS)",How do I use netstat to view active network connections in Linux?,"'netstat -tuln' shows all listening TCP and UDP ports. The -t flag filters TCP, -u UDP, -l listening ports, and -n shows numeric addresses. 'netstat -anp' adds the process ID for each connection. On modern systems 'ss -tuln' is preferred as netstat is deprecated, but netstat remains widely available and familiar."
"Software & OS (Windows, Linux, macOS)",How do I use the awk command to sum a column in a file?,"Use awk with an accumulator: 'awk {sum += $2} END {print sum}' file.txt' sums the second column. Replace $2 with the column number you need. Awk processes each line of input with the rules in curly braces, and the END block runs after all lines are processed. This is far faster than writing a loop in shell for numeric operations on files."
"Software & OS (Windows, Linux, macOS)",How do I check disk read and write speeds on Linux?,Use 'dd if=/dev/zero of=testfile bs=1G count=1 oflag=direct' to test write speed and 'dd if=testfile of=/dev/null bs=1G count=1 iflag=direct' to test read speed. The hdparm tool provides more accurate tests for HDD: 'sudo hdparm -Tt /dev/sda'. The fio tool is the most comprehensive for detailed storage benchmarking.
"Software & OS (Windows, Linux, macOS)",How do I use the at command to run a one-time scheduled task in Linux?,"Install the at package with 'sudo apt install at'. Schedule a task with 'echo command | at 10:00 tomorrow'. Or create a script and run 'at 10:00 < myscript.sh'. List pending jobs with 'atq' and remove one with 'atrm jobnumber'. Unlike cron which handles recurring tasks, at is specifically designed for one-time future execution of commands."
"Software & OS (Windows, Linux, macOS)",How do I configure SSH key-based authentication on Linux?,Generate a key pair on the client with 'ssh-keygen -t ed25519'. Copy the public key to the server with 'ssh-copy-id user@server'. This appends your public key to ~/.ssh/authorized_keys on the server. Test with 'ssh user@server' - it should connect without a password. Disable password authentication in /etc/ssh/sshd_config by setting PasswordAuthentication no for better security.
"Software & OS (Windows, Linux, macOS)",How do I monitor system performance in real time on Linux?,"Use 'htop' for an interactive process viewer with CPU, memory, and load averages. 'iotop' shows per-process disk I/O. 'nethogs' shows per-process network usage. 'vmstat 1' shows system-wide CPU, memory, disk, and context switch statistics every second. 'dstat' combines multiple metrics in one view. Install these with your package manager as needed."
"Software & OS (Windows, Linux, macOS)",How do I set up a basic cron job to run every weekday at 8 AM?,"Run 'crontab -e' to edit your cron table. Add the line '0 8 * * 1-5 /path/to/script.sh'. The fields are: minute (0), hour (8), day of month (*), month (*), day of week (1-5 for Monday to Friday). Ensure the script is executable with 'chmod +x script.sh'. Use full paths in cron jobs as the PATH environment is minimal."
"Software & OS (Windows, Linux, macOS)",How do I configure automatic logout for idle users in Linux?,"Add 'TMOUT=600' to /etc/profile or /etc/bash.bashrc to automatically log out users after 600 seconds of inactivity in bash sessions. For GUI sessions, configure the screen lock timeout in your desktop environment settings. For SSH sessions, set ClientAliveInterval and ClientAliveCountMax in /etc/ssh/sshd_config to disconnect idle SSH sessions."
"Software & OS (Windows, Linux, macOS)",How do I use Windows's built-in disk error checking tool?,"Open File Explorer, right-click a drive, select Properties, go to the Tools tab, and click Check under Error checking. This runs chkdsk. For the system drive, it will schedule a check at next restart. Run 'chkdsk C: /f /r' from an elevated command prompt for a comprehensive scan that also locates bad sectors."
"Software & OS (Windows, Linux, macOS)",How do I use mtr for network path analysis?,MTR (My Traceroute) combines ping and traceroute functionality for continuous monitoring. Run 'sudo apt install mtr' then 'mtr hostname'. It shows each hop along the path with live packet loss and latency statistics. 'mtr --report hostname' generates a static report after 10 seconds. MTR is invaluable for diagnosing intermittent network issues and packet loss at specific hops.
"Software & OS (Windows, Linux, macOS)",What is the difference between a 32-bit and 64-bit operating system?,"A 64-bit OS can address far more RAM (theoretically 16 exabytes vs 4 GB for 32-bit), run larger applications, and process more data per CPU cycle. 64-bit Windows can run both 32-bit and 64-bit software. 32-bit applications run in the WOW64 subsystem on 64-bit Windows. All modern computers and operating systems are 64-bit, and new software is often 64-bit only."
"Software & OS (Windows, Linux, macOS)",How do I configure automatic reboot after a kernel panic in Linux?,"Add 'kernel.panic = 10' to /etc/sysctl.conf to automatically reboot 10 seconds after a kernel panic, and run 'sudo sysctl -p' to apply. You can also pass 'panic=10' as a kernel boot parameter in GRUB. This is important for unattended servers where you want them to recover automatically from rare kernel panics."
"Software & OS (Windows, Linux, macOS)",How do I use the watch command to monitor changing output in Linux?,"'watch -n 2 df -h' runs df -h every 2 seconds and refreshes the display, useful for monitoring disk usage changes. The -d flag highlights differences between updates. 'watch -n 1 nvidia-smi' monitors GPU usage every second. Press Ctrl+C to exit. Watch turns any command into a live-updating dashboard without writing a loop."
"Software & OS (Windows, Linux, macOS)",How do I configure Windows Automatic Updates to only install security patches?,"In Windows Pro or Enterprise, open Group Policy (gpedit.msc) and navigate to Computer Configuration > Administrative Templates > Windows Components > Windows Update. Enable 'Configure Automatic Updates' and set it to download and notify only. For Home edition, use Settings > Windows Update > Advanced options to pause non-security updates temporarily."
"Software & OS (Windows, Linux, macOS)",How do I install and use Ansible for configuration management on Linux?,Install Ansible with 'sudo apt install ansible'. Create an inventory file listing your managed hosts. Write playbooks in YAML describing the desired state. Run with 'ansible-playbook -i inventory playbook.yml'. Ansible is agentless and uses SSH. It is ideal for automating repetitive configuration tasks across many servers consistently and repeatably.
"Software & OS (Windows, Linux, macOS)",How do I configure a Linux server to send system alerts by email?,Install mailutils and postfix: 'sudo apt install mailutils postfix'. Configure Postfix for relay through an SMTP server in /etc/postfix/main.cf. Test with 'echo Test | mail -s Subject admin@example.com'. Set up logwatch or custom scripts to email daily reports. Use 'MAILTO=admin@example.com' in crontab to receive cron job output by email.
"Software & OS (Windows, Linux, macOS)",How do I use the free command to interpret memory usage in Linux?,"Run 'free -h' for human-readable memory statistics. The output shows total, used, free, shared, buff/cache, and available memory. The available column is most important - it shows how much memory is actually free for new applications including memory that can be reclaimed from cache. High buff/cache is normal and does not indicate a memory shortage."
"Software & OS (Windows, Linux, macOS)",How do I configure macOS to prevent apps from being installed from unidentified developers?,"Go to System Preferences > Security and Privacy > General. Set Allow apps downloaded from to App Store or App Store and identified developers. When you try to open an app blocked by Gatekeeper, a dialog appears. You can override it for specific apps by right-clicking and choosing Open. Enterprise environments can use MDM profiles to enforce stricter policies."
"Software & OS (Windows, Linux, macOS)",How do I run a Windows diagnostic and generate a system health report?,"Open Command Prompt as administrator and run 'perfmon /report'. Windows Performance Monitor will collect data for 60 seconds and generate a comprehensive HTML report covering CPU, memory, disk, network, software configuration, and hardware errors. This report is invaluable for diagnosing mysterious performance issues and is much more detailed than Task Manager."
"Software & OS (Windows, Linux, macOS)",How do I configure disk quotas on a Linux system?,Install quota tools with 'sudo apt install quota'. Add usrquota and grpquota mount options to the partition in /etc/fstab. Remount and initialize quota files with 'sudo quotacheck -cug /partition'. Enable quotas with 'sudo quotaon /partition'. Set limits with 'sudo edquota username'. Use 'repquota /partition' to see usage and limits for all users.
"Software & OS (Windows, Linux, macOS)",What is Linux namespaces and how do containers use them?,"Linux namespaces provide isolated views of system resources to processes. Types include PID namespaces (isolated process trees), network namespaces (isolated network stacks), mount namespaces (isolated filesystems), and user namespaces (isolated user IDs). Docker and other containers use combinations of namespaces to create isolated environments without full virtualization overhead."
"Software & OS (Windows, Linux, macOS)",How do I use the tee command in Linux to save and display output simultaneously?,'command | tee output.txt' writes the command output to both the terminal and output.txt at the same time. 'command | tee -a output.txt' appends to the file instead of overwriting. Pipe through tee multiple times to write to several files. This is useful in scripts where you want to log output while still seeing it in real time.
"Software & OS (Windows, Linux, macOS)",How do I configure automatic time synchronization on Windows?,Right-click the clock in the taskbar and select Adjust date/time. Enable Set time automatically and Set time zone automatically. Click Sync now to synchronize immediately. Windows uses the Windows Time service (w32tm) which syncs with Microsoft's time servers by default. Enterprise environments often point to internal NTP servers via Group Policy.
"Software & OS (Windows, Linux, macOS)",How do I use the nmap command for network scanning?,"'nmap hostname' performs a basic port scan. 'nmap -sV hostname' detects service versions. 'nmap -O hostname' attempts OS detection. 'nmap -p 80,443,22 hostname' scans specific ports. 'nmap 192.168.1.0/24' scans an entire subnet. Only scan networks and hosts you own or have explicit permission to scan. Nmap is the standard tool for network discovery and security auditing."
"Software & OS (Windows, Linux, macOS)",What is the difference between adduser and useradd in Linux?,"useradd is the low-level utility that creates a user with minimal defaults - you must manually set the password and create the home directory. adduser is a friendlier wrapper around useradd on Debian and Ubuntu systems that prompts for a password, creates the home directory with proper permissions, and copies skeleton files automatically. On Red Hat systems only useradd is available."
"Software & OS (Windows, Linux, macOS)",How do I configure macOS to automatically empty the Trash after 30 days?,"Go to Finder > Preferences (Cmd+,) > Advanced and enable Remove items from the Trash after 30 days. Items moved to Trash are automatically deleted after 30 days without manual intervention. You can also right-click the Trash icon in the Dock and select Empty Trash to immediately delete all items, or Secure Empty Trash to overwrite data."
"Software & OS (Windows, Linux, macOS)",How do I use the head and tail commands in Linux?,"'head -n 20 file.txt' shows the first 20 lines. 'tail -n 20 file.txt' shows the last 20 lines. 'tail -f logfile.log' follows a file in real time, showing new lines as they are added - essential for monitoring log files. 'tail -F' is similar but also reopens the file if it is rotated. 'head' and 'tail' default to 10 lines if -n is not specified."
"Software & OS (Windows, Linux, macOS)",How do I create a Windows Recovery Drive?,"Search for Create a recovery drive in the Start menu and run it as administrator. Choose whether to back up system files to the recovery drive for reinstalling Windows. Insert a USB drive with at least 16 GB capacity and follow the wizard. A recovery drive lets you troubleshoot, reset, or reinstall Windows if the PC won't boot normally."
"Software & OS (Windows, Linux, macOS)",How do I configure the Windows pagefile on a specific drive?,"Right-click This PC > Properties > Advanced system settings > Performance > Settings > Advanced > Change. Uncheck Automatically manage, select a drive, choose Custom size, enter initial and maximum sizes, and click Set. Moving the pagefile to a fast SSD on a different drive from the OS can slightly improve performance under memory pressure."
"Software & OS (Windows, Linux, macOS)",What is the difference between RAM and virtual memory?,RAM is physical memory chips in your computer that store actively used data for fast CPU access. Virtual memory is disk space used to extend apparent RAM when physical RAM is full - data is swapped between RAM and disk. Virtual memory is much slower than RAM since disks are slower. Having enough RAM to avoid heavy swapping is critical for good performance.
"Software & OS (Windows, Linux, macOS)",How do I use the Windows Performance Monitor (PerfMon)?,"Search for Performance Monitor in the Start menu. Click the green plus button to add counters from any system category such as Processor, Memory, LogicalDisk, or Network Interface. Watch live graphs or log data to a file for later analysis. Data Collector Sets allow you to automate performance data collection over time for capacity planning and troubleshooting."
"Software & OS (Windows, Linux, macOS)",How do I configure automatic backups with Time Machine on macOS?,"Connect an external drive to your Mac. Go to System Preferences > Time Machine > Select Backup Disk and choose your external drive. Enable Back Up Automatically. Time Machine will back up hourly for the past 24 hours, daily for the past month, and weekly for everything older. Keep the backup drive connected regularly for continuous protection."
"Software & OS (Windows, Linux, macOS)","How do I use the wc command in Linux to count lines, words, and characters?","'wc filename' shows line count, word count, and byte count for a file. 'wc -l file.txt' counts only lines. 'wc -w' counts words and 'wc -c' counts bytes. Combine with pipes: 'cat file.txt | wc -l' counts the lines of output from cat. 'ls /directory | wc -l' counts files in a directory. Wc is useful in scripts for validation and reporting."
"Software & OS (Windows, Linux, macOS)",How do I install a printer driver in Windows 10?,"Connect the printer via USB or ensure it is on the same network. Go to Settings > Devices > Printers and scanners > Add a printer or scanner. Windows will attempt to find and install the driver automatically. If automatic detection fails, choose The printer that I want isnt listed and enter the IP address for network printers or use Windows Update to find the driver."
"Software & OS (Windows, Linux, macOS)",How do I configure SSH to prevent root login on Linux?,Edit /etc/ssh/sshd_config and set PermitRootLogin to no. Also consider setting PasswordAuthentication to no to require key-based authentication. Restart the SSH service with 'sudo systemctl restart ssh'. Always ensure you have another sudo user configured before disabling root login to avoid locking yourself out of the server.
"Software & OS (Windows, Linux, macOS)",How do I use the macOS screen sharing feature to help someone remotely?,"Go to System Preferences > Sharing > Screen Sharing and enable it. Share your Apple ID so the helper can request access via Messages or FaceTime. Alternatively, use the built-in remote control feature in Messages by asking the other person to start a screen sharing session. Third-party tools like Zoom or TeamViewer also work well for remote assistance."
"Software & OS (Windows, Linux, macOS)",How do I configure Windows 11 to show the classic right-click context menu?,"Windows 11 uses a simplified right-click menu by default. To get the full classic context menu back, you can right-click and then click Show more options, or hold Shift while right-clicking. To make the full menu the permanent default, edit the registry under HKEY_CURRENT_USER\Software\Classes\CLSID and add the InprocServer32 key - detailed instructions are widely available online."
"Software & OS (Windows, Linux, macOS)",What is a POSIX-compliant script and why does it matter?,"A POSIX-compliant script uses only features defined in the POSIX standard, avoiding shell-specific extensions. This ensures the script runs correctly on any POSIX-compliant system including Linux, macOS, BSD, and other Unix-like OSes. Use /bin/sh as the shebang line and avoid Bash-specific features like arrays, double brackets, and process substitution. POSIX scripts are more portable but less feature-rich than Bash scripts."
"Software & OS (Windows, Linux, macOS)",How do I check if a website is down or if the problem is local on my end?,"Visit downdetector.com or isitdownrightnow.com and enter the website URL to check if others are reporting issues. Try accessing the site from a mobile device on cellular data to rule out local network problems. Use 'curl -I https://website.com' from your terminal to check the HTTP response directly. If the site works on mobile data but not your home network, the issue is local."
"Software & OS (Windows, Linux, macOS)",How do I configure a systemd service to restart automatically on failure?,"Edit your service file in /etc/systemd/system/ and add these lines under [Service]: Restart=on-failure and RestartSec=5. Run 'sudo systemctl daemon-reload' then 'sudo systemctl restart yourservice'. This tells systemd to restart the service 5 seconds after it crashes. Use Restart=always to restart regardless of exit code, including intentional stops."
"Software & OS (Windows, Linux, macOS)",How do I use the cal and date commands in Linux?,'date' shows the current date and time. 'date +%Y-%m-%d' formats it as YYYY-MM-DD. 'date -d tomorrow' shows tomorrow's date. 'cal' shows the current month calendar. 'cal 12 2024' shows December 2024. 'date -d 2024-12-25' shows what day Christmas 2024 falls on. These commands are useful in shell scripts for date-based filenames and log entries.
"Software & OS (Windows, Linux, macOS)",What is the difference between ext4 and Btrfs filesystems?,"Ext4 is the mature, stable default Linux filesystem with excellent compatibility and reliability. Btrfs is a modern copy-on-write filesystem supporting snapshots, built-in RAID, transparent compression, and online resizing and defragmentation. Btrfs is more feature-rich but has historically been less stable in some configurations. Fedora uses Btrfs by default; Ubuntu still defaults to ext4."
"Software & OS (Windows, Linux, macOS)",How do I configure disk monitoring and alerts on Linux?,Install smartmontools with 'sudo apt install smartmontools'. Enable the smartd daemon with 'sudo systemctl enable --now smartd'. Configure alerts in /etc/smartd.conf by adding DEVICESCAN -m admin@example.com -M once to email on errors. Run 'sudo smartctl -a /dev/sda' to check current drive health manually. S.M.A.R.T. monitoring can predict failures before they happen.
"Software & OS (Windows, Linux, macOS)",How do I use the lsblk command to view disk information in Linux?,"'lsblk' lists all block devices including disks, partitions, and loop devices in a tree format. 'lsblk -f' shows filesystem type and UUID for each device. 'lsblk -o NAME,SIZE,TYPE,MOUNTPOINT' customizes the output columns. This is the quickest way to see your disk layout, identify device names, and find mounted partitions without the complexity of fdisk or parted."
Hardware & Peripherals,What is the difference between DDR4 and DDR5 RAM?,"DDR5 offers significantly higher bandwidth, higher capacities per module, and lower operating voltage compared to DDR4. DDR5 also features on-die ECC for better data integrity at the module level. However, DDR5 is more expensive and requires compatible CPUs and motherboards. For most users, DDR4 at 3200MHz or higher provides ample performance."
Hardware & Peripherals,How do I diagnose a failing power supply unit?,"Use a PSU tester or a multimeter to check voltage rails. Swap the PSU with a known-good unit to see if issues disappear. Signs of PSU failure include random shutdowns, failure to power on, instability under load, and burning smell. Ensure the PSU wattage rating exceeds your system's peak power draw with some headroom for safety."
Hardware & Peripherals,What is PCIe and how do different lane configurations affect performance?,"PCIe (Peripheral Component Interconnect Express) is the interface for GPUs, SSDs, and other expansion cards. More lanes mean more bandwidth: x1 (one lane), x4, x8, and x16 are common slot sizes. GPUs use x16 slots for maximum bandwidth. NVMe SSDs typically use x4 lanes. Inserting a device in a slot with fewer lanes than it supports reduces bandwidth but usually works fine."
Hardware & Peripherals,How do I properly ground myself to avoid static damage when building a PC?,"Touch a metal part of the PC case or use an anti-static wrist strap connected to the case before handling components. Avoid working on carpet and never touch the gold contacts on RAM, GPU, or CPU. Work on a non-conductive surface. Static discharge can instantly and invisibly damage components, so grounding is essential when building or upgrading a PC."
Hardware & Peripherals,How do I check my CPU temperature?,"On Windows, use HWiNFO or HWMonitor to see real-time CPU temperatures per core. On Linux, run 'sensors' after installing the lm-sensors package with 'sudo apt install lm-sensors' and running 'sudo sensors-detect'. Normal idle temperatures are 30-50°C and load temperatures should stay below 90-95°C for most processors."
Hardware & Peripherals,What is TDP (Thermal Design Power) and why does it matter?,"TDP is the maximum heat a CPU or GPU generates under sustained load, measured in watts, which the cooling solution must dissipate. It indicates the minimum cooling requirement. A 65W TDP CPU can use a mid-range air cooler; a 125W+ CPU may need a large tower cooler or liquid cooling. Higher TDP generally means more performance but also more heat and power consumption."
Hardware & Peripherals,How do I replace a hard drive in a laptop?,"Power off and unplug the laptop. Remove the bottom panel by unscrewing all screws. Locate the hard drive bay, disconnect the SATA connector and remove any bracket screws. Slide out the old drive and install the new one in reverse order. If replacing with an SSD, clone the old drive first using software like Macrium Reflect before swapping."
Hardware & Peripherals,What is the difference between a GPU and an integrated graphics chip?,"A dedicated GPU is a separate card with its own high-bandwidth GDDR memory optimized for graphics and parallel computing. Integrated graphics share system RAM and CPU die space, offering modest performance suitable for everyday tasks and light video. For gaming, video editing, or 3D work, a dedicated GPU is essential. Integrated graphics have improved significantly in recent years."
Hardware & Peripherals,How do I upgrade the RAM in an iMac?,"For most iMac models, RAM is user-upgradeable. Shut down, lay the iMac face-down on a padded surface, and locate the RAM access door on the bottom edge. Remove the screws, pull out the old RAM modules, and insert compatible replacements. Check your exact iMac model on Apple's support pages for compatible RAM specifications before purchasing."
Hardware & Peripherals,How do I clean the thermal paste off a CPU heatsink?,Use 99% isopropyl alcohol and a lint-free cloth or coffee filter. Gently wipe the old paste off the heatsink base and CPU heat spreader. Use a circular motion to avoid scratching. Do not use water or paper towels. Ensure all residue is removed before applying new thermal paste. Dirty thermal interface surfaces significantly reduce heat transfer efficiency.
Hardware & Peripherals,What is the difference between a mechanical hard drive and an NVMe SSD?,"A mechanical HDD uses spinning platters accessed by a movable arm, with speeds of 100-200 MB/s. An NVMe SSD uses flash memory over the PCIe interface, achieving speeds of 3,000-7,000+ MB/s. NVMe SSDs are 20-50x faster, silent, and more durable with no moving parts. For most users, switching from HDD to NVMe SSD is the most impactful upgrade possible."
Hardware & Peripherals,How do I connect a USB-C monitor to a computer?,"Check that your computer's USB-C port supports DisplayPort Alt Mode or Thunderbolt output - not all USB-C ports transmit video. Connect the USB-C cable from the port to the monitor. If your computer only has HDMI or DisplayPort, use a corresponding adapter or cable to connect to the USB-C input on the monitor. USB-C can carry video, audio, and power simultaneously."
Hardware & Peripherals,What is a POST beep code and how do I interpret it?,"POST (Power-On Self-Test) beep codes are audio signals the motherboard makes during startup to indicate hardware problems when video output is unavailable. The pattern of beeps indicates the type of error - for example, one long beep and two short beeps typically indicates a video card issue. The exact meaning varies by BIOS manufacturer. Consult your motherboard manual or the BIOS manufacturer's website for the beep code reference."
Hardware & Peripherals,How do I install and configure a water cooling system on a PC?,"Mount the CPU waterblock according to the bracket instructions for your socket type. Route the pump and reservoir unit to a convenient location in the case. Mount the radiator to a fan mount position with fans attached. Fill the reservoir with coolant, run the pump to bleed air bubbles, and check for leaks before powering on fully. Custom loops require more planning than all-in-one coolers."
Hardware & Peripherals,How do I diagnose and fix a computer that randomly shuts down?,"Random shutdowns are most commonly caused by overheating, a failing PSU, or RAM issues. Monitor temperatures with HWiNFO under load. Clean dust from all heatsinks and fans. Run MemTest86 for RAM errors. Try a different power outlet and consider testing with a different PSU. Check the Event Viewer for critical errors just before the shutdown time."
Hardware & Peripherals,What is the purpose of the CMOS battery?,"The CMOS battery (typically a CR2032 coin cell) powers the motherboard's BIOS chip when the PC is turned off, preserving settings like date and time, boot order, and BIOS configuration. When it dies, the BIOS resets to defaults and the clock loses time on every power cycle. Replacing it costs less than $5 and is one of the simplest repairs you can do."
Hardware & Peripherals,How do I check if my GPU is failing?,"Run GPU stress tests like Unigine Superposition or FurMark while monitoring temperatures and clock speeds with MSI Afterburner. Signs of GPU failure include graphical artifacts (flickering, static, incorrect colors), driver crashes, black screens during gaming, and system crashes. Seat the GPU firmly in the PCIe slot and ensure all power connectors are attached before suspecting failure."
Hardware & Peripherals,How do I set up dual network interface cards (NICs) on a server?,"Install both NICs and connect them to the network. You can configure them separately for different subnets, bond them for increased throughput using Link Aggregation (LACP), or configure them as an active-passive failover pair. On Linux, bonding is set up via the bonding kernel module and configured in network interface files or Netplan. Check your switch supports LACP before configuring it."
Hardware & Peripherals,What is the difference between active and passive cooling?,Passive cooling relies entirely on heatsinks and natural convection or case airflow with no moving parts or fans. It is completely silent but requires large heatsinks and sufficient case airflow. Active cooling uses fans or liquid pumps to actively move heat away from components. Active cooling is more effective for high-TDP components but adds noise and moving parts that can fail.
Hardware & Peripherals,How do I replace a laptop keyboard?,"Look up a disassembly guide for your specific laptop model. Most modern laptop keyboards are accessed from underneath the palm rest, which typically requires removing the bottom panel and several screws. Disconnect the keyboard ribbon cable carefully from its ZIF connector. Install the new keyboard and reassemble in reverse order. Test all keys before closing the case completely."
Hardware & Peripherals,How do I optimize PC case airflow for lower temperatures?,"Create a positive pressure setup with more intake fans than exhaust fans to keep dust out, or negative pressure for maximum airflow. Front and bottom fans should intake cool air; rear and top fans should exhaust hot air. Ensure cables are managed and not blocking airflow channels. Adding dust filters to intake fans reduces accumulation inside the case."
Hardware & Peripherals,What is the difference between a flat panel LCD and OLED monitor?,"LCD monitors use a backlight that shines through liquid crystal panels, which can cause backlight bleed and limited contrast ratios. OLED panels emit their own light per pixel, enabling true black by turning pixels completely off, resulting in infinite contrast ratios and faster response times. OLED offers better image quality but costs more and can be susceptible to burn-in with static content."
Hardware & Peripherals,How do I test a laptop charger to see if it is working?,Use a multimeter set to DC voltage and measure the output voltage of the charger connector. Compare to the rated voltage printed on the charger label. A significant deviation indicates a faulty charger. You can also test by connecting the charger and checking if the battery charging indicator activates. Swapping with a known-good compatible charger is the simplest diagnostic approach.
Hardware & Peripherals,How do I choose the right power supply wattage for my PC build?,"Add up the TDP ratings of your CPU and GPU, which are the two biggest power consumers. Add approximately 50-100 watts for other components like RAM, storage, and fans. Then choose a PSU rated 30-50% above this total for efficiency and headroom. A quality 80+ Gold or Platinum rated PSU is recommended for reliability and efficiency, even if you pay a small premium."
Hardware & Peripherals,How do I secure hard drives before disposing of an old computer?,"For HDDs, use DBAN (Darik's Boot and Nuke) to overwrite the drive with multiple passes of random data. For SSDs, use the manufacturer's secure erase utility or the ATA Secure Erase command, as DBAN is ineffective on flash storage. Physical destruction using a drill or shredder is the most thorough method for highly sensitive data. Simply deleting files is never sufficient for secure disposal."
Hardware & Peripherals,What is Thunderbolt and how is it different from standard USB-C?,"Thunderbolt is Intel's high-speed interface standard that uses the USB-C connector. Thunderbolt 4 provides 40 Gbps bandwidth (vs USB 3.2's 20 Gbps), supports daisy-chaining up to six devices, can drive two 4K monitors or one 8K display, and enables external GPU connections. Every Thunderbolt port is USB-C compatible, but not every USB-C port is Thunderbolt - check your device specs."
Hardware & Peripherals,How do I diagnose memory errors in Linux?,"Install the memtester package and run 'sudo memtester 1G 5' to test 1 GB of RAM five times. MemTest86 provides more comprehensive testing by running outside the OS from a bootable USB. Run the test for at least one full pass, ideally overnight. Memory errors cause random crashes, data corruption, and kernel panics. Faulty RAM should be replaced immediately."
Hardware & Peripherals,How do I configure wake-on-LAN on a PC?,"Enable Wake-on-LAN in BIOS settings, usually under Power Management. In Windows, go to Device Manager > Network Adapters, right-click your network adapter, go to Properties > Power Management, and check Allow this device to wake the computer and Allow magic packet to wake the computer. Send a magic packet from another device on the network to wake the PC remotely."
Hardware & Peripherals,What is an 80 Plus certification for power supplies and why does it matter?,"80 Plus certification means the PSU is at least 80% efficient at 20%, 50%, and 100% load. Higher tiers like Bronze, Silver, Gold, Platinum, and Titanium indicate increasingly better efficiency. Higher efficiency means less wasted energy as heat, lower electricity bills, less stress on components, and often a longer PSU lifespan. For a 24/7 server or gaming PC used many hours daily, a Gold or Platinum PSU pays for itself."
Hardware & Peripherals,How do I connect an older VGA monitor to a modern PC with only HDMI and DisplayPort?,"Use an active HDMI to VGA or DisplayPort to VGA adapter. Active adapters convert the digital signal to analog, which passive cables cannot do. Ensure the adapter is active not passive, as passive ones do not work for this conversion. The adapter typically plugs into your PC's HDMI or DisplayPort and provides a VGA female connector for the monitor cable."
Hardware & Peripherals,How do I check if my CPU supports virtualization technology?,"On Windows, open Task Manager > Performance > CPU and look for Virtualization: Enabled or Disabled. In Linux, run 'egrep -c (vmx|svm) /proc/cpuinfo' - a result above 0 means virtualization is supported. VMX is for Intel VT-x and SVM for AMD-V. If supported but disabled, enable it in BIOS under CPU configuration settings."
Hardware & Peripherals,How do I replace the thermal paste on a laptop CPU?,"This requires disassembling the laptop to access the heatsink, which varies significantly by model. Find a disassembly guide for your specific model. Disconnect the fan connector, remove the heatsink screws in the correct order, lift the heatsink, clean old paste with isopropyl alcohol, apply a small pea-sized amount of new paste, and reassemble. This can fix chronic overheating in older laptops."
Hardware & Peripherals,How do I use a USB hub and will it affect performance?,"A USB hub splits one USB port into multiple ports. Passive hubs share the bandwidth of the host port - a USB 3.0 port providing 5 Gbps is shared across all connected devices. For low-bandwidth devices like keyboards and mice, a passive hub is fine. For hard drives or other high-bandwidth devices, use a powered hub and avoid connecting multiple such devices to the same hub simultaneously."
Hardware & Peripherals,How do I configure BIOS settings for optimal performance?,Enable XMP or EXPO in BIOS to run RAM at its rated speed - it often defaults to slower speeds without this. Enable high performance power plan and disable power-saving CPU features if doing sustained workloads. Enable Resizable BAR or Smart Access Memory if your CPU and GPU support it for gaming performance gains. Keep Secure Boot enabled for security.
Hardware & Peripherals,What is a DIMM slot and how many can I use at once?,"DIMM slots are the RAM slots on a motherboard. Desktop motherboards typically have 2 or 4 slots. For dual-channel memory operation, which provides higher bandwidth, install RAM in matched pairs in the color-coded slots specified by your motherboard manual. Most motherboards support dual-channel when two sticks are installed in slots 2 and 4. Mismatched slots run in single-channel mode at reduced bandwidth."
Hardware & Peripherals,How do I troubleshoot a USB device that is recognized intermittently?,Try a different USB cable as cable quality is a common culprit. Test in different USB ports including ports directly on the motherboard rather than front panel ports. Check Device Manager for error codes. Update chipset and USB controller drivers. Disable USB selective suspend in Power Management settings. Check for physical damage to the USB connector on the device.
Hardware & Peripherals,How do I measure actual power consumption of my PC?,"Use a plug-in power meter such as a Kill-A-Watt device placed between the wall outlet and your PC power cable. It shows real-time watts, kilowatt-hours over time, and voltage. This is useful for calculating electricity costs, verifying the PSU is not being overloaded, and comparing power draw between different hardware configurations or workloads."
Hardware & Peripherals,What causes coil whine in PC components and how can I reduce it?,"Coil whine is caused by electrical current causing inductors and capacitors to physically vibrate at audible frequencies, common in GPUs and PSUs. It is more noticeable at high frame rates. Limit frame rates using V-Sync or frame limiters in graphics settings to reduce it. Anti-vibration pads under the PSU or GPU can dampen it slightly. In severe cases, replacing the component is the only solution."
Hardware & Peripherals,How do I connect a drawing tablet to my computer?,"Connect the tablet via USB or use Bluetooth if supported. Install the manufacturer's driver software from their website rather than relying on generic drivers, as the manufacturer driver provides pressure sensitivity configuration, button mapping, and application-specific settings. Configure the active area mapping to your display in the driver software for the best drawing experience."
Hardware & Peripherals,How do I choose the right cable type for connecting monitors?,"For the best image quality and feature support, use DisplayPort for connecting a PC to a monitor - it supports higher refresh rates and resolutions. HDMI 2.1 is ideal for TVs and consoles supporting 4K at 120Hz. HDMI 2.0 supports 4K at 60Hz. Avoid VGA and DVI for high-resolution displays as they are older standards with limitations. USB-C with DisplayPort Alt Mode is excellent for laptops."
Hardware & Peripherals,How do I install a 2.5-inch SSD in a desktop PC?,"If your case has 2.5-inch bays, mount the SSD with screws or a tool-less bracket. If only 3.5-inch bays are available, use a 2.5-to-3.5-inch adapter bracket. Connect a SATA data cable to the SSD and motherboard, and a SATA power connector from the PSU. Install your OS or clone your existing drive using software like Macrium Reflect or Clonezilla."
Hardware & Peripherals,What is the difference between SATA and NVMe for SSDs?,"SATA SSDs connect via the SATA interface and are limited to about 550 MB/s read and write speeds. NVMe SSDs connect via the PCIe interface and achieve 3,500 to 7,000+ MB/s depending on the generation. Both use the same flash memory internally; the difference is entirely in the interface bandwidth. For a system drive, NVMe is strongly preferred for its responsiveness; SATA SSDs are still fast enough for secondary storage."
Hardware & Peripherals,How do I configure a RAID 1 array on a desktop PC?,RAID 1 mirrors data across two identical drives for redundancy. Enable RAID in BIOS under storage configuration and set the controller mode to RAID instead of AHCI. Boot from Windows installation media and load the RAID controller driver if needed. Create the RAID array in the BIOS RAID utility before installing the OS. Remember that RAID 1 protects against drive failure but is not a substitute for off-site backups.
Hardware & Peripherals,How do I check if my laptop has upgradeable RAM?,"Check your laptop model on the manufacturer's website or use tools like Crucial's System Scanner to determine if RAM slots are available. Many modern ultrabooks and MacBooks have RAM soldered to the motherboard and cannot be upgraded. If slots are present, the tool also shows compatible RAM types and maximum supported capacity to ensure you buy the right upgrade."
Hardware & Peripherals,What is a laptop docking station and how does it work?,"A docking station connects to a laptop via one cable (usually USB-C or Thunderbolt) and expands connectivity to include additional USB ports, ethernet, HDMI or DisplayPort outputs, card readers, and audio jacks. This allows a laptop to function like a desktop when at a desk while remaining portable when disconnected. Thunderbolt docks offer the most bandwidth and features."
Hardware & Peripherals,What is overclocking and how do I overclock RAM using XMP?,"Overclocking runs components faster than their default rated speed. For RAM, overclocking is simplified by XMP (Intel) or EXPO (AMD) profiles built into the RAM modules. Enter BIOS and enable XMP or EXPO to automatically set the RAM to its rated speed such as 3200 or 4800 MHz. This requires compatible RAM and motherboard. XMP is stable for most systems and is essentially intended to be enabled."
Hardware & Peripherals,How do I monitor GPU temperature and performance?,"Use MSI Afterburner (Windows) which shows GPU temperature, clock speeds, VRAM usage, and fan speed in a customizable overlay. HWiNFO provides detailed monitoring including power consumption. On Linux, use 'nvidia-smi' for NVIDIA GPUs or 'radeontop' for AMD. Under gaming load, temperatures below 85°C are generally safe for most GPUs."
Hardware & Peripherals,How do I fix a monitor with dead pixels?,A stuck pixel shows one color constantly and may be fixable by running pixel-fixing software that rapidly cycles colors to unstick it. A truly dead pixel (always black) cannot be repaired through software. Gently massaging the area with a soft cloth while the pixel-fix software runs sometimes helps. Check your monitor's warranty policy - many manufacturers replace monitors with more than a certain number of dead pixels.
Hardware & Peripherals,How do I set up a second hard drive as additional storage on a PC?,"Connect the new drive to a SATA port on the motherboard and to a SATA power connector from the PSU. On Windows, open Disk Management, right-click the new disk, select Initialize Disk, create a new simple volume, format it as NTFS, and assign a drive letter. On Linux, use fdisk to create a partition, mkfs.ext4 to format it, and add an entry to /etc/fstab to mount it automatically."
Networking & Connectivity,What is a VLAN and how does it improve network security?,"A VLAN (Virtual LAN) logically segments a physical network into separate broadcast domains. Devices on different VLANs cannot communicate without a router, providing isolation. Common uses include separating IoT devices, guest Wi-Fi, and corporate departments. VLANs reduce attack surface by preventing a compromised device from easily reaching other network segments."
Networking & Connectivity,How do I configure a static route on Windows?,Open Command Prompt as administrator and use 'route add destinationIP mask subnetmask gatewayIP -p'. The -p flag makes the route persistent across reboots. Use 'route print' to view the routing table and 'route delete destinationIP' to remove a route. Static routes are useful for directing specific traffic through a particular gateway on a multi-homed system.
Networking & Connectivity,What is BGP and why is it important for the internet?,BGP (Border Gateway Protocol) is the routing protocol that exchanges routing information between autonomous systems on the internet. It is often called the protocol that holds the internet together. ISPs use BGP to announce which IP prefixes they can reach. BGP makes routing decisions based on policies and path attributes. Misconfigured BGP can cause major internet outages affecting millions of users.
Networking & Connectivity,How do I set up a DHCP server on Linux?,"Install isc-dhcp-server with 'sudo apt install isc-dhcp-server'. Configure /etc/dhcp/dhcpd.conf with your subnet, range, gateway, and DNS servers. Specify the network interface in /etc/default/isc-dhcp-server. Start the service with 'sudo systemctl start isc-dhcp-server'. Monitor leases in /var/lib/dhcpd/dhcpd.leases. Test by connecting a client configured for DHCP."
Networking & Connectivity,How do I capture and analyze packets with Wireshark?,"Download and install Wireshark from wireshark.org. Select your network interface and click the blue shark fin to start capture. Apply display filters to focus on specific traffic - for example, 'http' for web traffic, 'ip.addr == 192.168.1.1' for a specific host. Click a packet to see all protocol layers. Use Ctrl+F to search within packets. Save captures as .pcap files for later analysis."
Networking & Connectivity,What is OSPF and how is it different from RIP?,"OSPF (Open Shortest Path First) is a link-state routing protocol that builds a complete map of the network topology and calculates optimal routes using Dijkstra's algorithm. RIP (Routing Information Protocol) is a distance-vector protocol limited to 15 hops that shares its entire routing table with neighbors. OSPF converges faster, scales better, and makes more intelligent routing decisions than RIP."
Networking & Connectivity,How do I configure a Wi-Fi access point in bridge mode?,Log into the access point's admin interface and find the operating mode settings. Change from Router mode to Access Point or Bridge mode. Set the IP address configuration to DHCP or assign a static IP in your network range. Connect the access point to your main router via ethernet. This extends your wired network wirelessly without creating a double-NAT situation.
Networking & Connectivity,What is MPLS and where is it used?,"MPLS (Multiprotocol Label Switching) is a high-performance routing technique that directs data using short path labels instead of long network addresses. It enables traffic engineering, VPN services, and QoS for enterprise WAN connections. ISPs and carriers use MPLS to provide guaranteed bandwidth and prioritized routing for voice and video traffic. MPLS networks are typically private and separate from the public internet."
Networking & Connectivity,How do I configure SNMPv3 for secure network monitoring?,"SNMPv3 adds authentication and encryption to SNMP. Configure on the device by creating a user with an authentication protocol (SHA) and privacy protocol (AES). On the monitoring server, configure your NMS with the same username and credentials. SNMPv3 replaces SNMPv1 and v2c which transmit community strings in plain text and should not be used on production networks."
Networking & Connectivity,How do I set up a site-to-site VPN between two offices?,"Configure IPsec or OpenVPN on a router or firewall at each site with matching parameters: preshared key or certificates, encryption algorithm, and the subnet ranges to route. Each site needs a static public IP or dynamic DNS. Test connectivity by pinging a device across the tunnel. Commercial routers like Cisco, pfSense, and Meraki all support site-to-site VPN configuration."
Networking & Connectivity,What is network segmentation and why is it a security best practice?,"Network segmentation divides a network into isolated subnetworks or zones, limiting the blast radius if one segment is compromised. Typical segments include a DMZ for public-facing servers, an internal network for workstations, a management network for infrastructure devices, and isolated segments for IoT or guest devices. Traffic between segments is controlled by firewalls or ACLs."
Networking & Connectivity,How do I configure port mirroring on a managed switch?,"Access the switch management interface and find the SPAN or port mirroring settings. Define a source port (or VLAN) to copy traffic from, and a destination port connected to your monitoring device. All traffic passing through the source port is duplicated to the destination. This is essential for network monitoring, IDS systems, and traffic analysis tools without interrupting normal traffic flow."
Networking & Connectivity,What is the difference between half-duplex and full-duplex networking?,"Full-duplex allows simultaneous two-way communication, effectively doubling throughput. Half-duplex can only send or receive at one time, not simultaneously, like walkie-talkies. Modern switched networks always use full-duplex between devices and switches. Half-duplex is typically only seen in wireless environments or with very old hubs. A duplex mismatch between two devices causes poor performance and high collision rates."
Networking & Connectivity,"How do I configure email DNS records (MX, SPF, DKIM, DMARC)?",MX records point to your mail servers. SPF records list authorized sending IP addresses. DKIM adds a digital signature to outgoing emails for verification. DMARC tells receiving servers what to do with emails that fail SPF and DKIM checks. All four working together significantly reduce email spoofing and improve deliverability. Configure them in your DNS provider's management console.
Networking & Connectivity,How does load balancing work and what are common algorithms?,"Load balancers distribute incoming traffic across multiple servers to improve availability and performance. Common algorithms include Round Robin (distributing requests sequentially), Least Connections (sending to the server with fewest active connections), IP Hash (consistently routing a client to the same server), and Weighted (distributing based on server capacity). Hardware and software load balancers like HAProxy and Nginx support these methods."
Networking & Connectivity,How do I configure a reverse proxy with Nginx?,"Install Nginx and edit /etc/nginx/sites-available/default. In the server block, add 'location / { proxy_pass http://backend-server:port; proxy_set_header Host $host; proxy_set_header X-Real-IP $remote_addr; }'. Test with 'sudo nginx -t' and reload with 'sudo systemctl reload nginx'. A reverse proxy hides backend servers, enables SSL termination, and provides a single entry point for multiple services."
Networking & Connectivity,What is a honeypot in network security?,"A honeypot is a decoy system designed to attract and trap attackers, allowing security teams to observe attack techniques and gather intelligence without the attacker knowing they are being monitored. It can be deployed as an intentionally vulnerable server or fake network service. When a honeypot is accessed, it triggers alerts since no legitimate user should be connecting to it."
Networking & Connectivity,How do I configure STP (Spanning Tree Protocol) on a managed switch?,"STP is usually enabled by default on managed switches to prevent network loops. Configure it via the switch's management interface. Choose the STP mode: classic STP, RSTP (Rapid STP, faster convergence), or MSTP (Multiple STP for multiple VLANs). Designate root bridge priority to control which switch becomes root. Monitor port states (blocking, listening, learning, forwarding) to ensure correct topology."
Networking & Connectivity,How do I configure IPv6 stateless address autoconfiguration (SLAAC)?,SLAAC allows devices to automatically configure IPv6 addresses using the network prefix advertised by routers. Enable IPv6 on your router and configure it to send Router Advertisements with the network prefix. Client devices use the advertised prefix combined with their interface identifier to form a complete IPv6 address automatically. No DHCPv6 server is needed for basic SLAAC configuration.
Networking & Connectivity,What is an IDS vs IPS in network security?,An IDS (Intrusion Detection System) monitors network traffic and alerts on suspicious activity but takes no action. An IPS (Intrusion Prevention System) also monitors traffic but can automatically block or modify packets matching threat signatures. IDS is typically deployed out-of-band in passive mode; IPS sits inline and actively blocks threats. Popular open-source options include Snort and Suricata which can operate in both modes.
Networking & Connectivity,How do I configure a DHCP relay agent?,A DHCP relay agent forwards DHCP requests from clients on one subnet to a DHCP server on another subnet. Configure it on the router or Layer 3 switch connecting the subnets. In Cisco IOS: 'ip helper-address dhcp-server-ip' on the interface facing clients. In pfSense: Services > DHCP Relay. This allows a single DHCP server to serve multiple network segments.
Networking & Connectivity,How does SSL certificate chain of trust work?,"SSL certificates work through a chain of trust. The root CA (Certificate Authority) certificate is self-signed and pre-installed in browsers and OS. The root CA signs intermediate CA certificates. Intermediate CAs sign end-entity certificates issued to websites. When you visit a site, your browser verifies the complete chain from the site certificate back to a trusted root CA. If any link is invalid, the connection is flagged as untrusted."
Networking & Connectivity,What is OSPF area design and why does it matter?,"OSPF divides networks into areas to limit the scope of link-state database updates. Area 0 (backbone area) is mandatory and all other areas must connect to it. Smaller areas mean smaller link-state databases and fewer SPF calculations. Area types include stub areas, totally stubby areas, and NSSA areas that limit LSA flooding for efficiency. Good area design is critical for OSPF scalability in large networks."
Networking & Connectivity,How do I use iperf3 to measure network throughput?,Install iperf3 on two machines. Run 'iperf3 -s' on the server. Run 'iperf3 -c server-ip' on the client to test TCP throughput. Add '-u -b 1G' for UDP tests. The -P flag runs parallel streams: 'iperf3 -c server-ip -P 4'. Test in both directions with '-R'. Compare results to your link's theoretical maximum to identify bottlenecks. Iperf3 is the standard tool for network capacity testing.
Networking & Connectivity,What is a transit network vs a stub network?,A transit network is a network segment that carries traffic to other networks beyond it - like a WAN link carrying traffic between multiple sites. A stub network is a dead-end segment where all traffic either originates from or is destined for devices on that segment. Most office LAN segments are stub networks. Understanding this distinction is important for routing design and firewall policy.
Networking & Connectivity,How do I configure network bonding on Linux for failover?,"Install ifenslave and create a bonding interface in /etc/netplan/ or /etc/network/interfaces depending on your distro. Define the bond mode (mode=1 for active-passive failover, mode=4 for LACP/802.3ad). Add the physical interfaces as slaves. Apply with 'sudo netplan apply' or 'sudo ifup bond0'. Test failover by disconnecting one cable and confirming connectivity is maintained."
Networking & Connectivity,How do I configure DNS split-horizon for internal and external views?,"DNS split-horizon serves different DNS responses to internal vs external clients for the same domain. Configure two views in BIND's named.conf: an internal view matching your RFC 1918 subnets that returns internal IP addresses, and a default external view that returns public IPs. This allows internal users to reach services via internal IPs while external users get public IPs, without exposing internal addresses publicly."
Networking & Connectivity,How does a proxy auto-config (PAC) file work?,A PAC file is a JavaScript function called FindProxyForURL that returns which proxy server to use for any given URL. Browsers fetch the PAC file from a URL configured in network settings and call the function for each connection. PAC files can direct traffic for specific domains through a proxy while allowing direct connections for others. They are widely used in enterprise environments for flexible proxy policies.
Networking & Connectivity,What is anycast addressing and where is it used?,"Anycast assigns the same IP address to multiple geographically distributed servers. Routing protocols deliver packets to the topologically nearest server. This is how DNS root servers work - 13 root server names map to hundreds of physical servers worldwide, and your query is automatically routed to the nearest one. CDNs also use anycast for fast, resilient content delivery."
Networking & Connectivity,How do I configure syslog to send logs to a central server?,"On Linux, configure rsyslog by editing /etc/rsyslog.conf and adding '*.* @logserver-ip:514' for UDP or '*.* @@logserver-ip:514' for TCP. Restart rsyslog with 'sudo systemctl restart rsyslog'. On the server, configure rsyslog to accept incoming logs by enabling UDPServerRun or TCPServerRun in the config. Centralized logging is essential for security auditing and troubleshooting in multi-server environments."
Networking & Connectivity,How do I troubleshoot high latency in a network?,"Run traceroute to identify which hop introduces the latency. Use ping with a count to measure average and jitter. Check interface utilization on switches and routers - congestion on a link causes queuing latency. Verify QoS policies are prioritizing latency-sensitive traffic. Check for duplex mismatches using switch interface statistics. On wireless networks, look for channel congestion and interference."
Networking & Connectivity,How does the ARP protocol work?,"ARP (Address Resolution Protocol) maps IP addresses to MAC addresses on a local network. When a device needs to send data to an IP address on the same subnet, it broadcasts an ARP request asking who has that IP. The device with that IP responds with its MAC address. The sender caches this mapping in its ARP table. You can view the ARP table with 'arp -a' on Windows or 'ip neigh' on Linux."
Networking & Connectivity,What is LACP and how does link aggregation improve network performance?,LACP (Link Aggregation Control Protocol) is the IEEE 802.3ad standard for combining multiple physical network links into one logical link. This increases bandwidth proportionally to the number of links and provides redundancy if one link fails. Both the switch and the device must support and be configured for LACP. A two-port LACP bond with 1 Gbps links provides up to 2 Gbps throughput.
Networking & Connectivity,How do I configure network Quality of Service (QoS) using traffic shaping?,"Define traffic classes and policies on your router or firewall. Mark traffic with DSCP values based on type (voice, video, data). Apply queuing policies that prioritize high-priority traffic during congestion. Common methods include CBWFQ (Class-Based Weighted Fair Queuing) for guaranteed bandwidth and LLQ (Low Latency Queuing) for voice traffic. Test by generating load and measuring latency of priority traffic."
Networking & Connectivity,How does mDNS (Multicast DNS) work and what is it used for?,"mDNS allows devices to discover each other on a local network without a central DNS server. Devices broadcast their hostnames on the 224.0.0.251 multicast address and listen for queries. Apple Bonjour, Avahi on Linux, and Windows Link-Local Multicast Name Resolution all implement mDNS. It enables auto-discovery of printers, Chromecast, AirPlay devices, and network shares without manual configuration."
Networking & Connectivity,How do I configure network time protocol (NTP) for accurate time synchronization?,"On Linux servers, ensure the systemd-timesyncd or ntpd service is running and configured with reliable NTP servers. Edit /etc/systemd/timesyncd.conf or /etc/ntp.conf to set preferred servers. For enterprise networks, configure internal NTP servers synchronized to GPS or stratum-1 sources, then point all devices to internal servers. Accurate time is critical for log correlation, security certificates, and Kerberos authentication."
Networking & Connectivity,What is software-defined networking (SDN) and how does it differ from traditional networking?,"SDN separates the control plane (decisions about where traffic goes) from the data plane (actual packet forwarding). A centralized controller manages network behavior through APIs, while switches and routers simply forward packets based on rules from the controller. This enables dynamic configuration, automation, and visibility that is difficult with traditional distributed control planes. OpenFlow is a common SDN protocol."
Networking & Connectivity,How do I perform a wireless site survey?,"Use tools like Ekahau or NetSpot to measure signal strength, channel utilization, and interference throughout your space. Walk the area while the tool records measurements and overlay results on a floor plan. Identify coverage gaps, areas of high interference, and channel overlap between access points. Use the results to optimize AP placement, transmit power, and channel selection for even coverage."
Networking & Connectivity,How do I configure static NAT on a router?,Static NAT creates a permanent one-to-one mapping between an internal private IP and an external public IP. On a Cisco router: 'ip nat inside source static internal-ip external-ip'. Mark the inside interface with 'ip nat inside' and the outside with 'ip nat outside'. This is used to expose internal servers like web or mail servers to the internet at a fixed public IP address.
Networking & Connectivity,How does DHCP snooping protect against rogue DHCP servers?,DHCP snooping is a switch security feature that classifies ports as trusted (connected to legitimate DHCP servers) or untrusted (client-facing). DHCP server responses arriving on untrusted ports are dropped. This prevents rogue DHCP servers from distributing incorrect IP configuration to clients. Enable on managed switches: 'ip dhcp snooping vlan 1-100' with 'ip dhcp snooping trust' on the uplink port.
Networking & Connectivity,How do I configure GRE tunnels for VPN connectivity?,"GRE (Generic Routing Encapsulation) tunnels encapsulate packets inside IP packets to create a virtual point-to-point link. On Linux, create a GRE tunnel with 'ip tunnel add tun0 mode gre remote remote-ip local local-ip' then 'ip link set tun0 up' and add IP addresses and routes. GRE alone provides no encryption; combine with IPsec for secure VPN tunnels."
Networking & Connectivity,How do I use the dig command for detailed DNS troubleshooting?,'dig domain.com' queries the default DNS server. 'dig @8.8.8.8 domain.com' queries a specific DNS server. 'dig domain.com MX' queries MX records. 'dig -x 1.2.3.4' performs a reverse DNS lookup. 'dig +trace domain.com' shows the full resolution path from root servers. 'dig +short domain.com' shows only the answer. Dig is far more informative than nslookup for DNS troubleshooting.
Networking & Connectivity,What is 802.1X network access control and how does it work?,"802.1X is an IEEE standard for port-based network access control. A supplicant (client) requests access, an authenticator (switch or AP) forwards credentials to an authentication server (RADIUS). If authentication succeeds, the port is opened; if it fails, access is denied or limited to a guest VLAN. It ensures only authenticated users and devices can access the network, preventing unauthorized connections."
Networking & Connectivity,How do I configure network monitoring with Nagios?,"Install Nagios Core and plugins with your package manager. Configure /etc/nagios/nagios.cfg and define hosts, services, and contacts in configuration files under /etc/nagios/conf.d/. Define check commands for ping, HTTP, SMTP, and custom scripts. Configure notification commands and contact definitions for alerting. Access the Nagios web interface to view host and service status. Nagios checks services at configured intervals and alerts when they fail."
Networking & Connectivity,How do I set up a captive portal for guest Wi-Fi?,"A captive portal redirects unauthenticated users to a login or terms acceptance page before granting internet access. Solutions include pfSense with the built-in captive portal, OpenWRT packages, or commercial cloud-managed APs. Configure the portal to isolate guest traffic from the corporate network and set bandwidth limits per user. Captive portals are common in hotels, airports, and coffee shops."
Networking & Connectivity,What is network topology and what are the common types?,Network topology describes how devices are physically or logically connected. Star topology connects all devices to a central switch (most common in LANs). Bus topology has all devices on a single cable (legacy). Ring topology forms a closed loop. Mesh topology has multiple connections between nodes for redundancy (used in WANs and data centers). Tree or hierarchical topology combines star topologies into tiers (typical enterprise design).
Hardware & Peripherals,How do I check if my motherboard supports a specific CPU?,"Check your motherboard manufacturer's website for a CPU support list (QVL - Qualified Vendor List) specific to your model and BIOS version. Verify the CPU socket type matches (e.g., LGA1700, AM5). You may need to update your BIOS before a newer CPU will be recognized."
Hardware & Peripherals,How do I test if my power supply is faulty?,"Use the paperclip test: unplug the PSU from the motherboard, insert a paperclip between the green wire and any black wire on the 24-pin connector, then plug in the PSU. If the fan spins, the PSU has basic power. For thorough testing, use a dedicated PSU tester or multimeter to check voltage rails."
Hardware & Peripherals,Why is my computer fan making loud noises?,"Loud fan noise is often caused by dust buildup, a failing bearing, or the fan working harder due to high temperatures. Clean the fan with compressed air first. If the noise persists, especially grinding or rattling sounds, the fan bearing may be worn and the fan should be replaced."
Hardware & Peripherals,How do I install a second hard drive in my PC?,"Mount the drive in an available bay using screws or a tool-less tray. Connect a SATA data cable from the drive to the motherboard and a SATA power cable from the PSU. Boot into Windows, open Disk Management, initialize the new disk, and create a new volume to format it."
Hardware & Peripherals,What is overclocking and is it safe?,"Overclocking increases a component's clock speed beyond factory settings for more performance, typically done via BIOS or software like MSI Afterburn for GPUs. It generates more heat and can reduce component lifespan or cause instability if pushed too far. Adequate cooling and gradual, tested increases make it reasonably safe for enthusiasts."
Hardware & Peripherals,How do I clean dust out of my laptop?,"Power off and unplug the laptop, then use compressed air to blow dust out of vents and the keyboard. For deeper cleaning, remove the bottom panel (if accessible) to clean the fan and heatsink directly. Avoid using a vacuum cleaner directly on internals as static electricity can damage components."
Hardware & Peripherals,What does a graphics card's VRAM do?,"VRAM (Video RAM) stores image data, textures, and frame buffers that the GPU needs to render graphics quickly. More VRAM allows higher resolution textures and more demanding games or applications to run smoothly. Running out of VRAM causes stuttering, texture pop-in, or crashes in graphically intensive tasks."
Hardware & Peripherals,How do I know if I need a new power supply when upgrading my GPU?,"Check the new GPU's recommended PSU wattage from the manufacturer's specifications, then add up the power draw of your other components. Use an online PSU calculator for an accurate estimate. Also verify your PSU has the correct PCIe power connectors (e.g., 8-pin, 12VHPWR) for the new card."
Hardware & Peripherals,What is the purpose of a UPS (Uninterruptible Power Supply)?,"A UPS provides battery backup power during outages, giving you time to save work and shut down safely. It also protects against power surges and voltage fluctuations that could damage sensitive electronics. UPS units are essential for servers, networking equipment, and any system where sudden power loss would cause data loss."
Hardware & Peripherals,How do I replace thermal pads on a graphics card?,"Power down and remove the GPU, then disassemble the cooler shroud (usually held by screws on the back). Clean off old thermal pad residue with isopropyl alcohol. Measure and cut new thermal pads to the correct thickness for each VRAM/VRM chip, then reassemble carefully, ensuring even contact."
Hardware & Peripherals,What is the difference between a laptop and a 2-in-1 convertible?,"A laptop has a fixed clamshell design with the screen and keyboard as separate, hinged components. A 2-in-1 convertible can rotate or detach its screen to function as a tablet, often featuring touchscreen and stylus support. Convertibles offer more versatility but typically have less powerful internals than equivalent laptops."
Hardware & Peripherals,How do I troubleshoot a laptop that won't charge?,"Try a different charger and outlet to rule out a faulty cable or adapter. Check the charging port for debris. Remove the battery if possible (older laptops) and reseat it. If the laptop charges with the charger light on but the battery icon shows 'not charging', the battery itself may need replacement."
Hardware & Peripherals,What is a SATA vs NVMe SSD and which is faster?,"SATA SSDs connect via the SATA interface with speeds capped around 550 MB/s. NVMe SSDs connect via PCIe lanes (typically through an M.2 slot) and can reach speeds of 3,500 MB/s to 7,000+ MB/s, dramatically faster than SATA. NVMe is preferred for OS drives and demanding workloads like video editing."
Hardware & Peripherals,How do I check if my laptop screen hinge is broken?,"Signs include the screen not staying open at certain angles, visible gaps when closed, or cracking sounds when adjusting the angle. Hinges can sometimes be tightened with a small screwdriver if accessible. Persistent hinge failure usually requires professional repair, as it can also damage internal display cables."
Hardware & Peripherals,What is a docking station and how does it work?,"A docking station expands a laptop's connectivity by providing additional ports — USB, HDMI, Ethernet, and sometimes power delivery — through a single cable connection (often USB-C or Thunderbolt). It lets you quickly connect to multiple peripherals at a desk without plugging in each cable individually."
Hardware & Peripherals,How do I fix a laptop that overheats and shuts down?,"Clean dust from the vents and fan using compressed air. Use the laptop on a hard, flat surface to ensure proper airflow, avoiding beds or soft furniture. Consider a laptop cooling pad for additional airflow. If overheating persists, the thermal paste may need reapplication, which often requires professional service for laptops."
Hardware & Peripherals,How do I check if a laptop battery needs replacement?,"On Windows, run 'powercfg /batteryreport' in Command Prompt to generate a detailed report showing design capacity vs. current full charge capacity. On Mac, check System Information > Power for 'Cycle Count' and 'Condition'. If capacity has dropped below 80% of design capacity, replacement is generally recommended."
Hardware & Peripherals,What is the difference between a gaming monitor and a regular monitor?,"Gaming monitors typically offer higher refresh rates (144Hz, 240Hz+), lower response times (1ms), and adaptive sync technologies like G-Sync or FreeSync to reduce screen tearing. Regular monitors prioritize color accuracy and resolution for productivity or media consumption, often with lower refresh rates around 60Hz."
Networking & Connectivity,How do I reset my router to factory settings?,"Locate the small reset button on the router, usually recessed to prevent accidental presses. Hold it down for 10-15 seconds using a paperclip until the lights flash. This restores all settings to factory defaults, including the default admin password and Wi-Fi network name, so you'll need to reconfigure it."
Networking & Connectivity,What does it mean when my router shows a blinking orange light?,"A blinking orange or amber light typically indicates a connectivity problem, such as no internet signal from your ISP or the modem failing to sync. Check that all cables are securely connected, restart the modem and router, and contact your ISP if the issue persists after restarting."
Networking & Connectivity,How do I set up a guest Wi-Fi network?,"Log into your router's admin panel and look for 'Guest Network' settings. Enable it, set a unique SSID name and password separate from your main network, and ensure 'Allow guests to access local network' is disabled for security. This isolates guest devices from your main network's shared files and devices."
Networking & Connectivity,What is the difference between a public and private IP address?,"A private IP address is used within a local network (e.g., 192.168.x.x) and isn't directly accessible from the internet. A public IP address is assigned by your ISP and is how your network is identified on the internet. NAT translates between the two, allowing many private devices to share one public IP."
Networking & Connectivity,How do I troubleshoot 'limited connectivity' in Windows?,This usually means you're connected to a network but without internet access. Restart the router and modem first. Run the Windows Network Troubleshooter (right-click the network icon > Troubleshoot problems). Try renewing your IP with 'ipconfig /release' then 'ipconfig /renew' in an elevated Command Prompt.
Networking & Connectivity,What is a captive portal and why does my browser show one on public Wi-Fi?,"A captive portal is a login or agreement page that public Wi-Fi networks (hotels, cafes, airports) display before granting internet access. It typically appears automatically when you connect, but if it doesn't, try opening any non-HTTPS website to trigger it, or check your device's Wi-Fi settings for a 'sign in to network' notification."
Networking & Connectivity,How do I improve weak Wi-Fi signal in a specific room?,"Reposition your router to a more central, elevated location away from obstructions and electronics. Use a Wi-Fi extender, mesh system, or powerline adapter for that specific area. Switching to the 2.4 GHz band can also help since it penetrates walls better than 5 GHz, despite being slower."
Networking & Connectivity,What is a default gateway and how do I find mine?,"The default gateway is typically your router's IP address, used by devices to send traffic destined for outside the local network. On Windows, run 'ipconfig' in Command Prompt and look for 'Default Gateway'. On Mac/Linux, use 'netstat -nr' or check network settings in System Preferences."
Networking & Connectivity,How do I fix 'IP address conflict' errors?,"This occurs when two devices have the same IP address. Restart the affected device to request a new IP via DHCP. If it persists, check your router's connected devices list for duplicates, and consider setting DHCP reservations for devices needing static IPs to avoid future conflicts."
Networking & Connectivity,What is the difference between Ethernet and Wi-Fi for gaming?,"Ethernet provides a more stable, lower-latency connection since it's a direct wired link, immune to wireless interference. Wi-Fi offers convenience and mobility but can introduce latency spikes and packet loss, especially in congested environments. For competitive gaming, a wired Ethernet connection is generally recommended."
Networking & Connectivity,How do I set up port triggering versus port forwarding?,"Port forwarding opens a specific port permanently for a designated internal IP, useful for always-on services like a home server. Port triggering opens a port temporarily only when outgoing traffic on a trigger port is detected, then closes it after a period of inactivity, offering slightly better security for occasional use applications."
Networking & Connectivity,What is bufferbloat and how does it affect my connection?,"Bufferbloat occurs when network devices buffer too much data, causing high latency and lag during periods of heavy bandwidth use, even if download speeds appear fine. Enable Smart Queue Management (SQM) or QoS on routers that support it (like those running OpenWrt) to reduce bufferbloat and improve responsiveness."
Networking & Connectivity,How do I check if a website is down for everyone or just me?,"Visit a third-party site like downforeveryoneorjustme.com and enter the URL — it will check the site's status from external servers. You can also check the company's official status page or social media for outage announcements, or try accessing the site from a different network (like mobile data)."
Networking & Connectivity,What is a proxy server and how does it differ from a VPN?,"A proxy server routes specific application traffic through an intermediary server, often used for content filtering or basic anonymity, but typically doesn't encrypt traffic. A VPN encrypts all device traffic and routes it through a secure tunnel, providing stronger privacy and security across all applications, not just one."
Networking & Connectivity,How do I find the manufacturer of a device on my network from its MAC address?,"The first six characters of a MAC address (the OUI - Organizationally Unique Identifier) identify the manufacturer. Use an online MAC address lookup tool by entering these characters, or check your router's connected device list which sometimes auto-identifies manufacturers based on this data."
Networking & Connectivity,What is mesh Wi-Fi and how is it different from a range extender?,"Mesh Wi-Fi systems use multiple nodes that work together as a single, seamless network with one SSID, automatically routing devices to the strongest node as you move. Range extenders simply rebroadcast the signal, often creating a separate network name and can reduce speed by half due to the relay process."
Networking & Connectivity,How do I troubleshoot intermittent internet drops?,"Check cable connections at the modem and router for looseness. Update router and modem firmware. Monitor for overheating — ensure devices have proper ventilation. Run a continuous ping test (ping -t 8.8.8.8) overnight to identify patterns. Contact your ISP if drops correlate with specific times, suggesting a line issue."
Networking & Connectivity,What is Wake-on-LAN and how do I set it up?,Wake-on-LAN (WoL) allows you to remotely power on a computer over the network by sending a special 'magic packet'. Enable it in your PC's BIOS/UEFI settings and network adapter properties (Device Manager > Network Adapter > Power Management). You'll need the device's MAC address and a WoL app to send the wake signal.
Networking & Connectivity,How do I check my router's firmware version and update it?,"Log into your router's admin panel (usually 192.168.1.1) and look for a 'Firmware Update' or 'System' section, which often shows the current version. Many routers can check for updates automatically; download and apply manually if needed from the manufacturer's website if no auto-update option exists."
Networking & Connectivity,What is the difference between a switch and an access point?,"A switch connects multiple wired devices within a local network, forwarding data based on MAC addresses. An access point (AP) provides wireless connectivity, bridging wireless devices to the wired network. Many home routers combine both functions along with routing, but enterprise networks often use them as separate dedicated devices."
Cybersecurity & Passwords,What is a brute force attack and how do I defend against it?,"A brute force attack systematically tries every possible password combination until it finds the correct one. Defend against it with strong, long passwords, account lockout policies after failed attempts, rate limiting, and multi-factor authentication, which renders a guessed password insufficient on its own."
Cybersecurity & Passwords,What is the difference between antivirus and anti-malware software?,"Antivirus traditionally focuses on detecting and removing known viruses using signature-based detection. Anti-malware is a broader term covering protection against viruses, spyware, ransomware, adware, and other malicious software, often using behavioral analysis. Modern security suites typically combine both approaches under one product."
Cybersecurity & Passwords,How do I check what permissions an app has on my phone?,"On Android, go to Settings > Apps > [App Name] > Permissions to see and revoke access to camera, location, contacts, etc. On iPhone, go to Settings > Privacy & Security, then select a category (like Camera) to see which apps have access. Regularly review and revoke unnecessary permissions."
Cybersecurity & Passwords,What is a man-in-the-middle attack?,"A man-in-the-middle (MITM) attack occurs when an attacker secretly intercepts and possibly alters communication between two parties who believe they're directly communicating with each other. Common on unsecured public Wi-Fi, MITM attacks can steal login credentials or inject malware. Using HTTPS and a VPN helps protect against this."
Cybersecurity & Passwords,How do I securely delete files so they can't be recovered?,"Standard deletion only removes the file's pointer, not the actual data, which can often be recovered. Use a secure deletion tool like Eraser (Windows) or 'shred' (Linux) that overwrites the data multiple times. For SSDs, use the manufacturer's secure erase utility since wear-leveling makes traditional overwriting less effective."
Cybersecurity & Passwords,What is credential stuffing and how does it differ from a brute force attack?,"Credential stuffing uses lists of previously breached username/password combinations from one site to attempt logins on other sites, exploiting password reuse. Unlike brute force, which guesses passwords randomly, credential stuffing uses real, already-compromised credentials, making it highly effective against users who reuse passwords."
Cybersecurity & Passwords,How do I tell if my webcam has been hacked?,"Look for the camera indicator light turning on unexpectedly, unfamiliar files or recordings on your device, and unusually high CPU or network usage when the camera should be idle. Check installed applications for unfamiliar ones with camera access. Covering your webcam with a physical cover is a simple, reliable precaution."
Cybersecurity & Passwords,What is an SQL injection attack?,"SQL injection is a web security vulnerability where attackers insert malicious SQL code into input fields to manipulate a database, potentially extracting, modifying, or deleting data. It's prevented through parameterized queries (prepared statements), input validation, and using ORM frameworks that handle sanitization automatically."
Cybersecurity & Passwords,How do I recognize a tech support scam?,"Legitimate companies never make unsolicited calls claiming your computer has a virus. Scammers create fake pop-ups with alarming messages and phone numbers, or cold-call claiming to be from Microsoft or Apple. Never grant remote access or provide payment information to unsolicited callers — hang up and contact the company directly if concerned."
Cybersecurity & Passwords,What is the CIA triad in cybersecurity?,"The CIA triad represents three core principles of information security: Confidentiality (ensuring data is only accessible to authorized users), Integrity (ensuring data isn't altered improperly), and Availability (ensuring systems and data are accessible when needed). Security measures are typically designed to uphold all three principles."
Cybersecurity & Passwords,How do I set up a security key for Google account login?,"Go to your Google Account > Security > 2-Step Verification > Security Keys. Click 'Add Security Key', insert your hardware key (like a YubiKey) when prompted, and tap or touch it to register. You can add multiple keys as backups in case you lose your primary one."
Cybersecurity & Passwords,What is the difference between a vulnerability and an exploit?,"A vulnerability is a weakness or flaw in software, hardware, or a system that could potentially be exploited. An exploit is the actual code or technique used to take advantage of that vulnerability to cause unintended behavior, gain access, or cause harm. Not all vulnerabilities have known exploits."
Cybersecurity & Passwords,How do I check if a USB drive is safe to plug in?,"Avoid plugging in unknown USB drives, as they can carry malware (a tactic called 'USB drop attacks'). If you must check an unfamiliar drive, use a dedicated, network-isolated machine or a USB sandbox tool. Disable AutoRun/AutoPlay on Windows to prevent automatic execution of malicious files."
Cybersecurity & Passwords,What is a keylogger and how can I detect one?,"A keylogger records keystrokes, capturing passwords and sensitive information, often installed covertly through malware. Detect it using updated antivirus/anti-malware scans, checking Task Manager for unfamiliar processes, and monitoring network activity for unexpected outbound connections. Using a virtual keyboard for sensitive logins can bypass software keyloggers."
Cybersecurity & Passwords,How do I securely share a password with someone if I have to?,"Avoid sending passwords via email, SMS, or chat in plain text. Use a password manager's built-in secure sharing feature (Bitwarden, 1Password support this), or a one-time secret link service like onetimesecret.com that self-destructs after viewing. Always change the password afterward if it was a temporary share."
Cybersecurity & Passwords,What is patch management and why is it important for security?,"Patch management is the process of regularly updating software to fix security vulnerabilities and bugs. Unpatched systems are a leading cause of breaches, as attackers actively scan for and exploit known vulnerabilities. Organizations should have a policy for timely testing and deployment of security patches across all systems."
Cybersecurity & Passwords,How do I know if my computer has been hacked?,"Warning signs include unexpected pop-ups, programs you didn't install, unusually slow performance, your antivirus being disabled without your action, unfamiliar browser toolbars, and unauthorized account activity. Run a full malware scan, check for unfamiliar startup programs, and consider a clean OS reinstall if compromise is confirmed."
Cybersecurity & Passwords,What is a security incident response plan?,"An incident response plan is a documented, structured approach for detecting, responding to, and recovering from security incidents like breaches or malware infections. It typically includes phases: preparation, identification, containment, eradication, recovery, and lessons learned. Having a plan in place reduces response time and damage during an actual incident."
Cybersecurity & Passwords,How do I protect against SIM swapping attacks?,Contact your mobile carrier to add a PIN or password requirement for any SIM changes on your account. Avoid using SMS-based 2FA for critical accounts; use an authenticator app or hardware key instead. Be cautious about sharing personal information publicly that could be used to impersonate you to your carrier.
Cybersecurity & Passwords,What is the difference between hashing and encryption?,"Hashing is a one-way function that converts data into a fixed-length string, used for verifying integrity (like storing passwords) — it cannot be reversed to retrieve original data. Encryption is reversible with the correct key, designed to protect confidentiality while allowing authorized recovery of the original data."
Mobile Devices,How do I disable autoplay videos on social media apps to save data?,"Most apps have a setting under Settings > Data Usage or Video Auto-play where you can choose 'Never' or 'Wi-Fi only'. This is typically found within the app itself (e.g., Settings > Media within Instagram or Twitter) rather than your phone's system settings."
Mobile Devices,How do I set up Google Pay or Apple Pay on my phone?,"For Apple Pay, open the Wallet app, tap the '+' icon, and follow prompts to scan or manually enter your card details, verifying with your bank. For Google Pay, open the app, tap 'Add a card', and follow similar verification steps. Both use NFC and tokenization to keep your actual card number hidden during transactions."
Mobile Devices,Why does my phone get hot while charging?,"Some heat is normal during charging due to the chemical reaction in the battery, especially with fast charging. Using the phone heavily while charging, charging in direct sunlight, or having a damaged battery can cause excessive heat. If it becomes too hot to touch comfortably, unplug it and let it cool down."
Mobile Devices,How do I check my phone's storage breakdown by app?,"On iPhone: Settings > General > iPhone Storage shows each app's total size including documents and data. On Android: Settings > Storage > Apps shows similar breakdown. This helps identify which apps are consuming excessive space, often due to cached media or downloaded content."
Mobile Devices,How do I turn off location tracking for specific apps?,"On iPhone: Settings > Privacy & Security > Location Services, tap an app and select 'Never', 'Ask Next Time', or 'While Using'. On Android: Settings > Location > App location permissions, then adjust each app individually. Review this list periodically as apps sometimes request unnecessary location access."
Mobile Devices,What should I do if I lost my phone?,"Use Find My iPhone (iOS) or Find My Device (Android) from another device or web browser to locate it on a map. You can remotely lock it, display a message, or erase it if recovery is unlikely. Contact your carrier to suspend service and prevent unauthorized calls or data usage."
Mobile Devices,How do I enable airplane mode and when should I use it?,"Swipe down to access Control Center (iPhone) or Quick Settings (Android) and tap the airplane icon. It disables all wireless communications — cellular, Wi-Fi, Bluetooth — required during flights. It's also useful to quickly save battery or eliminate interruptions, and Wi-Fi/Bluetooth can usually be re-enabled individually afterward."
Mobile Devices,How do I free up RAM on my Android phone?,"Modern Android automatically manages RAM efficiently, so manually closing apps is rarely beneficial and can even slow things down by forcing apps to fully reload. If performance is genuinely poor, restart the phone, check for excessive background apps in Settings > Apps, and consider whether the phone meets the demands of current app versions."
Mobile Devices,What is the difference between a SIM card and an eSIM?,"A physical SIM card is a removable chip that stores your carrier's network identity. An eSIM (embedded SIM) is built into the device and is programmed digitally via your carrier's app or QR code, eliminating the need for a physical card swap. eSIMs make it easier to switch carriers and support dual-SIM setups."
Mobile Devices,How do I stop spam calls on my phone?,"On iPhone, enable Settings > Phone > Silence Unknown Callers. On Android, most carriers and Google's Phone app include built-in spam detection — enable 'Caller ID & spam' in Phone app settings. Third-party apps like Truecaller add additional crowd-sourced spam blocking for both platforms."
Mobile Devices,How do I update my phone's operating system?,"On iPhone: Settings > General > Software Update. On Android: Settings > System > System Update (path varies slightly by manufacturer). Ensure your phone is connected to Wi-Fi and has sufficient battery (or is plugged in) before starting, as updates can take significant time and storage space."
Mobile Devices,What is the difference between cloud backup and local backup for phones?,"Cloud backup (iCloud, Google Backup) automatically saves your data to remote servers, accessible from anywhere and protecting against device loss. Local backup saves data to a computer via USB connection, which doesn't require internet but means the backup is only as safe as that one device or drive."
Mobile Devices,How do I manage app notifications on my phone?,"On iPhone: Settings > Notifications, select an app, and customize alert style, sounds, and badges. On Android: Settings > Apps & Notifications > Notifications, then configure per app. You can also use 'Notification Summary' (iOS) or 'Notification snoozing' (Android) features to batch less urgent notifications."
Mobile Devices,Why is my phone's touchscreen unresponsive in certain areas?,"This can be caused by a cracked screen affecting the digitizer, software glitches, or a dirty/wet screen surface. Clean the screen and remove any screen protector to test. Restart the phone to rule out software issues. If the problem persists and the screen is undamaged, it may need professional repair."
Mobile Devices,How do I set up a family sharing group on iPhone?,"Go to Settings > [Your Name] > Family Sharing and tap 'Get Started'. Add family members by Apple ID or invite them via message. You can then share purchases, an iCloud storage plan, location, and set up parental controls like Screen Time for children in the group."
Cloud & SaaS Tools,How do I check the status of a cloud service outage?,"Visit the provider's status page, such as status.aws.amazon.com, status.cloud.google.com, or status.office365.com. Third-party aggregators like downdetector.com show user-reported outages across many services. Subscribe to status page notifications via email or RSS to be alerted of incidents affecting services you depend on."
Cloud & SaaS Tools,What is data residency and why does it matter for cloud services?,"Data residency refers to the physical or geographic location where your data is stored by a cloud provider. It matters for legal compliance (like GDPR requiring EU data to stay in the EU), latency considerations, and corporate policy. Major cloud providers let you choose the region where your data and services are hosted."
Cloud & SaaS Tools,How do I configure shared access permissions in SharePoint?,"Navigate to the document or library, click 'Share', and choose 'Specific people' or 'People in your organization'. Set permission levels (View, Edit) per person or group. For more granular control, go to Library Settings > Permissions for advanced inheritance and unique permission configurations."
Cloud & SaaS Tools,What is API rate limiting and why do cloud services use it?,"Rate limiting restricts how many API requests a client can make within a given time period, preventing abuse, ensuring fair resource distribution, and protecting backend infrastructure from overload. If you hit a rate limit, you'll typically receive an HTTP 429 'Too Many Requests' error and should implement exponential backoff retry logic."
Cloud & SaaS Tools,How do I troubleshoot Google Drive sync issues?,"Check your internet connection and available storage quota first. Restart the Google Drive desktop app from the system tray. Pause and resume syncing. If specific files won't sync, check for special characters in filenames or file size exceeding limits. As a last resort, sign out and back in to the app."
Cloud & SaaS Tools,What is a service level agreement (SLA) in cloud computing?,"An SLA is a contract defining the expected level of service a cloud provider guarantees, typically including uptime percentage (e.g., 99.9%), response times for support, and remedies (like credits) if commitments aren't met. Reviewing the SLA helps set realistic expectations and plan for redundancy if needed."
Cloud & SaaS Tools,How do I set up automatic file versioning in Dropbox?,Dropbox automatically keeps version history for all files for 30 days on free plans (longer on paid plans). Right-click a file in the Dropbox folder or web interface and select 'Version history' to view and restore previous versions. No manual setup is needed — it's enabled by default.
Cloud & SaaS Tools,What is vendor lock-in in cloud computing and how do I avoid it?,"Vendor lock-in occurs when switching cloud providers becomes difficult or costly due to proprietary services, data formats, or APIs. Minimize it by using open standards and portable technologies (containers, Kubernetes), avoiding deeply proprietary services where alternatives exist, and regularly exporting your data."
Cloud & SaaS Tools,How do I troubleshoot 'access denied' errors in shared cloud documents?,Verify you're signed in with the correct account that was granted access. Ask the document owner to confirm your email is added with appropriate permissions. Clear browser cache or try an incognito window in case of stale session data. Check if the sharing link has expired or if domain restrictions apply.
Cloud & SaaS Tools,"What is the difference between hot, cool, and cold cloud storage tiers?","Hot storage is optimized for frequently accessed data with higher cost but lowest latency. Cool storage is for infrequently accessed data, cheaper but with retrieval costs. Cold/archive storage is the cheapest option for rarely accessed data like long-term backups, but has the slowest retrieval times, sometimes taking hours."
Troubleshooting & Error Fixes,My laptop fan is running constantly at high speed. What's wrong?,"This usually indicates the CPU is running hot, often due to dust buildup, dried thermal paste, or a demanding background process. Check Task Manager for high CPU usage processes. Clean the vents with compressed air. If the laptop is several years old, professional thermal paste reapplication may be needed."
Troubleshooting & Error Fixes,How do I fix 'Operation could not be completed' errors on Mac?,"This generic macOS error often relates to permissions or disk issues. Try repairing disk permissions using Disk Utility > First Aid. Restart in Safe Mode to clear system caches. If copying files triggers the error, check that the destination drive has enough free space and isn't write-protected."
Troubleshooting & Error Fixes,My external monitor flickers only when connected via HDMI. How do I fix it?,"Try a different HDMI cable, as damaged or low-quality cables are a common cause. Update your graphics drivers. Check the monitor's refresh rate setting matches what both the cable and GPU support. Testing with a DisplayPort cable instead can help isolate whether it's an HDMI-specific issue."
Troubleshooting & Error Fixes,Why does my computer randomly restart without warning?,"Common causes include overheating, faulty RAM, power supply issues, or corrupted drivers. Check Event Viewer (Windows Logs > System) for critical errors around the restart time. Run a memory diagnostic test and monitor temperatures with HWiNFO. Faulty PSUs are a frequent but often overlooked cause of random restarts."
Troubleshooting & Error Fixes,My Bluetooth headphones keep disconnecting. How do I fix this?,"Forget the device and re-pair it from scratch. Update Bluetooth drivers on your computer or check for firmware updates for the headphones via their companion app. Move closer to the device, as Bluetooth range and obstacles like walls can cause drops. Disable Wi-Fi temporarily to rule out interference, since both use the 2.4GHz band."
Troubleshooting & Error Fixes,How do I fix 'The system cannot find the path specified' error?,This error means Windows can't locate a file or folder referenced by a program or shortcut. Verify the file still exists at the specified location and hasn't been moved or deleted. Check for typos in the path if running from Command Prompt. Reinstalling the affected application often resolves broken shortcut references.
Troubleshooting & Error Fixes,My computer screen goes black randomly while in use. What should I check?,"This could be a display driver crash, a failing GPU, a loose cable, or power management settings putting the monitor to sleep unexpectedly. Update GPU drivers first. Check Power Options for aggressive sleep settings. Monitor Event Viewer for display driver crash events (TDR errors) that correlate with the blackouts."
Troubleshooting & Error Fixes,How do I fix a USB flash drive that shows 0 bytes or asks to be formatted?,"This typically indicates file system corruption. Try a different USB port first. Run 'chkdsk X: /f' (replacing X with the drive letter) in Command Prompt to attempt repair. If data recovery is needed before formatting, use software like Recuva or TestDisk, as formatting will erase all data."
Troubleshooting & Error Fixes,My smart TV won't connect to Wi-Fi. How do I troubleshoot it?,"Restart both the TV and router. Verify you're entering the correct Wi-Fi password (TVs often have on-screen keyboards prone to typos). Move the router closer or use a 2.4GHz network, as some smart TVs don't support 5GHz. Check for TV firmware updates which sometimes fix connectivity bugs."
Troubleshooting & Error Fixes,How do I fix an Excel file that won't open or shows as corrupted?,"Try opening Excel first, then use File > Open > Browse, select the file, and choose 'Open and Repair' from the dropdown next to the Open button. If that fails, check for a backup in File > Info > Manage Workbook > Recover Unsaved Workbooks, or try opening it in Google Sheets, which sometimes reads slightly corrupted files."
